modelID,Nmodel,tmalign
5001,1,0.20006
5001,2,0.22235
5001,3,0.20396
5001,4,0.22011
5001,5,0.20599
6005,1,0.67848
6005,2,0.69896
6005,3,0.69014
6005,4,0.70444
6005,5,0.69525
11006,1,0.48194
11006,2,0.46533
11006,3,0.47621
11006,4,0.48752
11006,5,0.48563
15006,1,0.4115
15006,2,0.42727
15006,3,0.42286
15006,4,0.41954
15006,5,0.40948
16001,1,0.56181
16001,2,0.55778
16001,3,0.55022
16001,4,0.57717
16001,5,0.54422
17001,1,0.29508
17001,2,0.28592
17001,3,0.29018
17001,4,0.2376
17001,5,0.27505
18011,1,0.39159
18011,2,0.47653
18011,3,0.43573
18011,4,0.4265
18011,5,0.39749
26001,1,0.36782
26001,2,0.35067
26001,3,0.35406
26001,4,0.3683
26001,5,0.36772
26005,1,0.4294
26005,2,0.42933
26005,3,0.42939
26005,4,0.43555
26005,5,0.42943
27002,1,0.36219
27002,2,0.38636
27002,3,0.35892
27002,4,0.37321
27002,5,0.37774
33001,1,0.42659
33001,2,0.41943
33001,3,0.40709
33001,4,0.34187
33001,5,0.40442
37002,1,0.32315
37002,2,0.32469
37002,3,0.33192
37002,4,0.33728
37002,5,0.33458
41001,1,0.41238
41001,2,0.40884
41001,3,0.40867
41001,4,0.41042
41001,5,0.40856
48020,1,0.33772
48020,2,0.40253
48020,3,0.34229
48020,4,0.38068
48020,5,0.37877
48023,1,0.1034
48023,2,0.11115
48023,3,0.10611
48023,4,0.10002
48023,5,0.12087
52001,1,0.38425
52001,2,0.40831
52001,3,0.39625
52001,4,0.41828
52001,5,0.37198
53001,1,0.20569
53001,2,0.23443
53001,3,0.20418
53001,4,0.21969
53001,5,0.21055
55002,1,0.68043
55002,2,0.68767
55002,3,0.68465
55002,4,0.68698
55002,5,0.68032
63001,1,0.24196
63001,2,0.2418
63001,3,0.24185
63001,4,0.24222
63001,5,0.24204
65004,1,0.22561
65004,2,0.21525
65004,3,0.2301
65004,4,0.18946
65004,5,0.17669
68001,1,0.12838
68001,2,0.17675
68001,3,0.15502
68001,4,0.12713
68001,5,0.17691
70001,1,0.1095
70001,2,0.10934
70001,3,0.10763
70001,4,0.10916
70001,5,0.10879
75005,1,0.83182
75005,2,0.83651
75005,3,0.83304
75005,4,0.83983
75005,5,0.83228
76002,1,0.28253
76002,2,0.2907
76002,3,0.28943
76002,4,0.28627
76002,5,0.28715
81001,1,0.25379
81001,2,0.23206
81001,3,0.23701
81001,4,0.23497
81001,5,0.24601
82001,1,0.25756
82001,2,0.25066
82001,3,0.24917
82001,4,0.25903
82001,5,0.25511
83001,1,0.76517
83001,2,0.76012
83001,3,0.76039
83001,4,0.76463
83001,5,0.66864
84006,1,0.2985
84006,2,0.29853
84006,3,0.29833
84006,4,0.25851
84006,5,0.21116
85001,1,0.46501
85001,2,0.45898
85001,3,0.45904
85001,4,0.45997
85001,5,0.46188
86009,1,0.53126
86009,2,0.51293
86009,3,0.52475
86009,4,0.52227
86009,5,0.52799
86015,1,0.27727
86015,2,0.27482
86015,3,0.28546
86015,4,0.27991
86015,5,0.28189
88001,1,0.29484
88001,2,0.29441
88001,3,0.29537
88001,4,0.2949
88001,5,0.29421
88003,1,0.5797
88003,2,0.55759
88003,3,0.55434
88003,4,0.555
88003,5,0.58175
91001,1,0.17723
91001,2,0.18678
91001,3,0.20373
91001,4,0.17367
91001,5,0.18793
91003,1,0.42152
91003,2,0.42539
91003,3,0.42103
91003,4,0.42433
91003,5,0.42558
94001,1,0.2109
94001,2,0.37137
94001,3,0.36491
94001,4,0.22642
94001,5,0.34236
111001,1,0.18053
111001,2,0.23019
111001,3,0.1389
111001,4,0.17489
111001,5,0.17528
113001,1,0.58143
113001,2,0.58344
113001,3,0.5813
113001,4,0.58359
113001,5,0.55427
116001,1,0.40284
116001,2,0.3985
116001,3,0.47143
116001,4,0.46866
116001,5,0.47043
123001,1,0.39017
123001,2,0.38627
123001,3,0.39058
123001,4,0.38563
123001,5,0.38606
128001,1,0.17614
128001,2,0.17521
128001,3,0.17462
128001,4,0.17437
128001,5,0.17631
132006,1,0.58497
132006,2,0.58612
132006,3,0.5955
132006,4,0.58777
132006,5,0.58755
133025,1,0.10015
133025,2,0.09155
133025,3,0.10417
133025,4,0.1092
133025,5,0.09875
134001,1,0.09851
134001,2,0.09937
134001,3,0.09698
134001,4,0.09738
134001,5,0.0985
136008,1,0.80419
136008,2,0.79831
136008,3,0.79779
136008,4,0.80473
136008,5,0.79968
138010,1,0.54358
138010,2,0.53861
138010,3,0.54879
138010,4,0.54424
138010,5,0.53132
140001,1,0.73539
140001,2,0.72248
140001,3,0.72534
140001,4,0.70755
140001,5,0.70906
141001,1,0.62095
141001,2,0.61933
141001,3,0.62311
141001,4,0.61474
141001,5,0.62237
163001,1,0.16162
163001,2,0.16158
163001,3,0.16132
163001,4,0.1612
163001,5,0.16151
164001,1,0.75052
164001,2,0.75402
164001,3,0.74916
164001,4,0.7492
164001,5,0.75073
173001,1,0.82294
173001,2,0.82107
173001,3,0.81392
173001,4,0.81981
173001,5,0.82143
174001,1,0.48936
174001,2,0.48946
174001,3,0.48778
174001,4,0.48746
174001,5,0.48364
175021,1,0.2776
175021,2,0.27985
175021,3,0.22548
175021,4,0.27332
175021,5,0.28157
179001,1,0.70069
179001,2,0.66038
179001,3,0.70161
179001,4,0.67164
179001,5,0.70203
184001,1,0.48686
184001,2,0.48686
184001,3,0.48932
184001,4,0.48542
184001,5,0.48682
184004,1,0.64231
184004,2,0.67969
184004,3,0.64749
184004,4,0.66779
184004,5,0.64343
186001,1,0.30465
186001,2,0.30251
186001,3,0.30567
186001,4,0.30564
186001,5,0.30541
190001,1,0.84183
190001,2,0.84025
190001,3,0.83984
190001,4,0.83834
190001,5,0.83933
191001,1,0.62078
191001,2,0.62366
191001,3,0.64052
191001,4,0.64295
191001,5,0.62999
193001,1,0.81323
193001,2,0.81117
193001,3,0.81199
193001,4,0.81696
193001,5,0.81101
196001,1,0.22859
196001,2,0.22962
196001,3,0.2298
196001,4,0.21909
196001,5,0.22793
200003,1,0.67766
200003,2,0.69977
200003,3,0.68422
200003,4,0.70723
200003,5,0.69603
201001,1,0.39049
201001,2,0.39136
201001,3,0.39582
201001,4,0.39608
201001,5,0.38843
205001,1,0.91113
205001,2,0.92238
205001,3,0.91141
205001,4,0.91152
205001,5,0.92167
207007,1,0.14213
207007,2,0.16669
207007,3,0.12313
207007,4,0.14454
207007,5,0.13567
218001,1,0.44451
218001,2,0.44084
218001,3,0.43308
218001,4,0.43143
218001,5,0.43966
222001,1,0.14037
222001,2,0.25156
222001,3,0.2063
222001,4,0.22063
222001,5,0.23019
242001,1,0.73916
242001,2,0.73557
242001,3,0.73537
242001,4,0.73595
242001,5,0.73287
249001,1,0.26663
249001,2,0.26884
249001,3,0.26816
249001,4,0.26751
249001,5,0.26818
250010,1,0.66317
250010,2,0.66567
250010,3,0.65166
250010,4,0.66979
250010,5,0.66056
251001,1,0.28547
251001,2,0.43618
251001,3,0.43842
251001,4,0.43399
251001,5,0.42282
262006,1,0.35128
262006,2,0.35204
262006,3,0.3535
262006,4,0.33089
262006,5,0.35486
296001,1,0.30742
296001,2,0.3065
296001,3,0.30757
296001,4,0.31026
296001,5,0.30529
307003,1,0.25249
307003,2,0.25262
307003,3,0.25231
307003,4,0.25444
307003,5,0.25234
333001,1,0.66163
333001,2,0.67097
333001,3,0.66663
333001,4,0.66979
333001,5,0.65779
340001,1,0.84658
340001,2,0.84801
340001,3,0.84638
340001,4,0.84779
340001,5,0.84711
341001,1,0.16236
341001,2,0.16039
341001,3,0.16102
341001,4,0.16114
341001,5,0.16142
343001,1,0.29643
343001,2,0.29442
343001,3,0.2951
343001,4,0.29681
343001,5,0.29473
348008,1,0.52642
348008,2,0.52991
348008,3,0.53192
348008,4,0.53213
348008,5,0.52888
365001,1,0.60754
365001,2,0.60898
365001,3,0.60847
365001,4,0.60831
365001,5,0.60908
382003,1,0.50712
382003,2,0.50795
382003,3,0.50912
382003,4,0.50486
382003,5,0.50916
387001,1,0.80009
387001,2,0.80085
387001,3,0.7975
387001,4,0.79761
387001,5,0.79919
410008,1,0.24521
410008,2,0.23371
410008,3,0.24787
410008,4,0.25372
410008,5,0.19974
423001,1,0.71591
423001,2,0.71949
423001,3,0.71922
423001,4,0.71622
423001,5,0.71882
427002,1,0.50851
427002,2,0.49372
427002,3,0.50491
427002,4,0.50463
427002,5,0.50684
447016,1,0.26163
447016,2,0.26143
447016,3,0.26475
447016,4,0.26171
447016,5,0.26415
463004,1,0.33402
463004,2,0.33046
463004,3,0.33587
463004,4,0.32835
463004,5,0.32462
468001,1,0.37432
468001,2,0.37502
468001,3,0.37425
468001,4,0.37461
468001,5,0.37551
472001,1,0.37527
472001,2,0.35442
472001,3,0.37579
472001,4,0.35973
472001,5,0.37322
488001,1,0.32047
488001,2,0.33719
488001,3,0.33207
488001,4,0.33334
488001,5,0.35672
492001,1,0.13879
492001,2,0.13774
492001,3,0.13808
492001,4,0.11977
492001,5,0.13999
518027,1,0.73348
518027,2,0.77991
518027,3,0.78211
518027,4,0.77963
518027,5,0.7125
520001,1,0.21768
520001,2,0.2223
520001,3,0.23326
520001,4,0.21883
520001,5,0.22235
533001,1,0.16032
533001,2,0.11876
533001,3,0.13617
533001,4,0.1182
533001,5,0.14203
534004,1,0.25824
534004,2,0.25419
534004,3,0.2566
534004,4,0.24615
534004,5,0.25587
540001,1,0.57422
540001,2,0.56816
540001,3,0.56784
540001,4,0.56651
540001,5,0.56848
541001,1,0.23274
541001,2,0.16357
541001,3,0.24397
541001,4,0.19772
541001,5,0.15011
543014,1,0.4793
543014,2,0.47809
543014,3,0.47814
543014,4,0.47729
543014,5,0.47517
544003,1,0.4481
544003,2,0.51016
544003,3,0.45468
544003,4,0.50891
544003,5,0.50682
546001,1,0.46095
546001,2,0.46485
546001,3,0.45281
546001,4,0.47191
546001,5,0.47107
549001,1,0.22859
549001,2,0.2284
549001,3,0.2286
549001,4,0.22854
549001,5,0.22851
550001,1,0.5882
550001,2,0.58637
550001,3,0.58497
550001,4,0.58446
550001,5,0.57975
563001,1,0.67882
563001,2,0.50763
563001,3,0.67961
563001,4,0.60449
563001,5,0.67878
566001,1,0.19837
566001,2,0.25333
566001,3,0.20165
566001,4,0.25467
566001,5,0.21468
576004,1,0.38098
576004,2,0.3992
576004,3,0.39855
576004,4,0.34985
576004,5,0.39176
587001,1,0.80457
587001,2,0.81033
587001,3,0.81177
587001,4,0.81331
587001,5,0.80943
588001,1,0.12912
588001,2,0.2887
588001,3,0.23607
588001,4,0.28933
588001,5,0.32031
591001,1,0.59688
591001,2,0.85078
591001,3,0.62309
591001,4,0.59918
591001,5,0.863
592001,1,0.50467
592001,2,0.50685
592001,3,0.50492
592001,4,0.49992
592001,5,0.50284
621001,1,0.78735
621001,2,0.78416
621001,3,0.78554
621001,4,0.76841
621001,5,0.78507
624001,1,0.66601
624001,2,0.66358
624001,3,0.66685
624001,4,0.66617
624001,5,0.66675
626001,1,0.72844
626001,2,0.72869
626001,3,0.72565
626001,4,0.72783
626001,5,0.72319
628001,1,0.41993
628001,2,0.45458
628001,3,0.44812
628001,4,0.43095
628001,5,0.45192
633001,1,0.12648
633001,2,0.12505
633001,3,0.12227
633001,4,0.12032
633001,5,0.12421
645001,1,0.4566
645001,2,0.78108
645001,3,0.75756
645001,4,0.76021
645001,5,0.77233
659001,1,0.12923
659001,2,0.12632
659001,3,0.12934
659001,4,0.12875
659001,5,0.1201
672001,1,0.79005
672001,2,0.78833
672001,3,0.78716
672001,4,0.78577
672001,5,0.78747
673001,1,0.65679
673001,2,0.65751
673001,3,0.66679
673001,4,0.66199
673001,5,0.67362
674001,1,0.12477
674001,2,0.17225
674001,3,0.16642
674001,4,0.15585
674001,5,0.1521
683003,1,0.40082
683003,2,0.40181
683003,3,0.41158
683003,4,0.4006
683003,5,0.40613
694001,1,0.48459
694001,2,0.50855
694001,3,0.54642
694001,4,0.47722
694001,5,0.51235
699001,1,0.55115
699001,2,0.60885
699001,3,0.58252
699001,4,0.65937
699001,5,0.52593
707001,1,0.489
707001,2,0.48718
707001,3,0.48732
707001,4,0.48978
707001,5,0.48792
716001,1,0.74673
716001,2,0.74577
716001,3,0.74052
716001,4,0.73205
716001,5,0.7527
718013,1,0.47539
718013,2,0.46731
718013,3,0.47294
718013,4,0.46913
718013,5,0.4697
718027,1,0.45946
718027,2,0.4587
718027,3,0.45779
718027,4,0.45127
718027,5,0.45963
720001,1,0.13934
720001,2,0.13962
720001,3,0.15299
720001,4,0.16778
720001,5,0.18384
721001,1,0.1875
721001,2,0.18866
721001,3,0.19085
721001,4,0.18381
721001,5,0.17951
724001,1,0.43993
724001,2,0.44298
724001,3,0.44344
724001,4,0.43983
724001,5,0.44209
748009,1,0.41025
748009,2,0.40896
748009,3,0.40657
748009,4,0.40741
748009,5,0.4063
749003,1,0.23777
749003,2,0.23558
749003,3,0.2359
749003,4,0.24637
749003,5,0.24471
749004,1,0.18403
749004,2,0.22775
749004,3,0.18521
749004,4,0.1831
749004,5,0.18319
752001,1,0.16235
752001,2,0.16272
752001,3,0.1626
752001,4,0.16212
752001,5,0.16254
753001,1,0.17793
753001,2,0.17671
753001,3,0.17628
753001,4,0.17681
753001,5,0.17595
753004,1,0.46259
753004,2,0.46569
753004,3,0.46675
753004,4,0.46718
753004,5,0.46611
754001,1,0.21596
754001,2,0.16925
754001,3,0.20821
754001,4,0.22535
754001,5,0.5601
765002,1,0.43577
765002,2,0.43073
765002,3,0.41788
765002,4,0.43007
765002,5,0.43575
771001,1,0.23604
771001,2,0.23292
771001,3,0.17527
771001,4,0.23406
771001,5,0.17296
775007,1,0.09605
775007,2,0.12139
775007,3,0.11872
775007,4,0.10311
775007,5,0.1213
776001,1,0.3874
776001,2,0.37156
776001,3,0.38585
776001,4,0.38665
776001,5,0.38664
787001,1,0.32586
787001,2,0.32415
787001,3,0.32443
787001,4,0.32678
787001,5,0.32369
791003,1,0.18223
791003,2,0.1406
791003,3,0.11042
791003,4,0.17136
791003,5,0.12798
797001,1,0.16305
797001,2,0.16471
797001,3,0.15741
797001,4,0.17318
797001,5,0.17104
803001,1,0.14328
803001,2,0.12597
803001,3,0.12464
803001,4,0.12743
803001,5,0.12915
806001,1,0.20046
806001,2,0.20053
806001,3,0.19987
806001,4,0.19994
806001,5,0.20054
808001,1,0.15887
808001,2,0.15065
808001,3,0.13444
808001,4,0.15139
808001,5,0.17851
808004,1,0.13618
808004,2,0.16105
808004,3,0.13635
808004,4,0.11166
808004,5,0.12464
812001,1,0.60598
812001,2,0.60736
812001,3,0.60734
812001,4,0.60728
812001,5,0.60898
815001,1,0.40015
815001,2,0.40187
815001,3,0.40277
815001,4,0.39267
815001,5,0.35989
823001,1,0.41537
823001,2,0.41174
823001,3,0.40636
823001,4,0.40548
823001,5,0.40716
840004,1,0.3791
840004,2,0.38103
840004,3,0.38016
840004,4,0.38009
840004,5,0.37958
850001,1,0.65357
850001,2,0.65848
850001,3,0.65744
850001,4,0.65753
850001,5,0.65156
851001,1,0.26221
851001,2,0.19803
851001,3,0.26259
851001,4,0.19856
851001,5,0.19809
862001,1,0.21976
862001,2,0.22632
862001,3,0.24517
862001,4,0.21405
862001,5,0.23117
863001,1,0.81845
863001,2,0.82596
863001,3,0.81752
863001,4,0.81201
863001,5,0.81976
869001,1,0.27421
869001,2,0.2827
869001,3,0.261
869001,4,0.27219
869001,5,0.28094
870001,1,0.50357
870001,2,0.52193
870001,3,0.50604
870001,4,0.50265
870001,5,0.49914
871001,1,0.46001
871001,2,0.45672
871001,3,0.46038
871001,4,0.46239
871001,5,0.45536
875001,1,0.2747
875001,2,0.20483
875001,3,0.28343
875001,4,0.2732
875001,5,0.27585
876001,1,0.53045
876001,2,0.53227
876001,3,0.53806
876001,4,0.52866
876001,5,0.52833
877001,1,0.87896
877001,2,0.82694
877001,3,0.87529
877001,4,0.87923
877001,5,0.86487
893013,1,0.29714
893013,2,0.29604
893013,3,0.29688
893013,4,0.29862
893013,5,0.2986
902001,1,0.65179
902001,2,0.65331
902001,3,0.65451
902001,4,0.65378
902001,5,0.65261
902002,1,0.63875
902002,2,0.6111
902002,3,0.61178
902002,4,0.61273
902002,5,0.59787
904001,1,0.64725
904001,2,0.66881
904001,3,0.66574
904001,4,0.66786
904001,5,0.65845
908001,1,0.49762
908001,2,0.49548
908001,3,0.49694
908001,4,0.49739
908001,5,0.49382
913003,1,0.24686
913003,2,0.22859
913003,3,0.24839
913003,4,0.20922
913003,5,0.21275
931002,1,0.1177
931002,2,0.11835
931002,3,0.11187
931002,4,0.15374
931002,5,0.12219
937001,1,0.46666
937001,2,0.46277
937001,3,0.46345
937001,4,0.46256
937001,5,0.48885
940001,1,0.7042
940001,2,0.72204
940001,3,0.75948
940001,4,0.68272
940001,5,0.76488
948036,1,0.26639
948036,2,0.27111
948036,3,0.27047
948036,4,0.23902
948036,5,0.27085
949005,1,0.46004
949005,2,0.46863
949005,3,0.46585
949005,4,0.46881
949005,5,0.45951
955001,1,0.29774
955001,2,0.49153
955001,3,0.49966
955001,4,0.42994
955001,5,0.49277
958001,1,0.47987
958001,2,0.47731
958001,3,0.47621
958001,4,0.47704
958001,5,0.47906
959001,1,0.47768
959001,2,0.47209
959001,3,0.47678
959001,4,0.47622
959001,5,0.46989
965003,1,0.80818
965003,2,0.80292
965003,3,0.8067
965003,4,0.79886
965003,5,0.7992
966001,1,0.4085
966001,2,0.41012
966001,3,0.40767
966001,4,0.4119
966001,5,0.40777
968001,1,0.34943
968001,2,0.34926
968001,3,0.34952
968001,4,0.35045
968001,5,0.34862
973003,1,0.43772
973003,2,0.44209
973003,3,0.44183
973003,4,0.42929
973003,5,0.4385
977001,1,0.20787
977001,2,0.23392
977001,3,0.21827
977001,4,0.19828
977001,5,0.21492
978005,1,0.16857
978005,2,0.16868
978005,3,0.18442
978005,4,0.16327
978005,5,0.16465
980001,1,0.77292
980001,2,0.78842
980001,3,0.77323
980001,4,0.77994
980001,5,0.77577
984001,1,0.51928
984001,2,0.52071
984001,3,0.52863
984001,4,0.51914
984001,5,0.51801
986001,1,0.14657
986001,2,0.14794
986001,3,0.14674
986001,4,0.14819
986001,5,0.1439
990001,1,0.22889
990001,2,0.22902
990001,3,0.23099
990001,4,0.22875
990001,5,0.23112
992001,1,0.31111
992001,2,0.3021
992001,3,0.29059
992001,4,0.29883
992001,5,0.2812
994005,1,0.13947
994005,2,0.13539
994005,3,0.13268
994005,4,0.13754
994005,5,0.13458
997004,1,0.32524
997004,2,0.32308
997004,3,0.33424
997004,4,0.32559
997004,5,0.33335
999001,1,0.23421
999001,2,0.264
999001,3,0.27371
999001,4,0.303
999001,5,0.2325
1011001,1,0.66501
1011001,2,0.66615
1011001,3,0.66923
1011001,4,0.65918
1011001,5,0.66414
1014001,1,0.21051
1014001,2,0.2103
1014001,3,0.20958
1014001,4,0.20975
1014001,5,0.21057
1026006,1,0.12919
1026006,2,0.12967
1026006,3,0.13007
1026006,4,0.13087
1026006,5,0.13126
1027001,1,0.2275
1027001,2,0.38447
1027001,3,0.38455
1027001,4,0.3931
1027001,5,0.35568
1033001,1,0.48831
1033001,2,0.49497
1033001,3,0.49303
1033001,4,0.49535
1033001,5,0.49279
1045001,1,0.4821
1045001,2,0.499
1045001,3,0.50052
1045001,4,0.49457
1045001,5,0.49891
1048004,1,0.69202
1048004,2,0.68554
1048004,3,0.69212
1048004,4,0.69222
1048004,5,0.69251
1052001,1,0.19004
1052001,2,0.25079
1052001,3,0.18504
1052001,4,0.25302
1052001,5,0.1832
1054001,1,0.65354
1054001,2,0.64545
1054001,3,0.6339
1054001,4,0.64463
1054001,5,0.64718
1064001,1,0.26561
1064001,2,0.26807
1064001,3,0.27104
1064001,4,0.24582
1064001,5,0.26767
1064003,1,0.39547
1064003,2,0.39781
1064003,3,0.40109
1064003,4,0.38935
1064003,5,0.409
1068001,1,0.23699
1068001,2,0.21843
1068001,3,0.18353
1068001,4,0.21343
1068001,5,0.30673
1070005,1,0.68808
1070005,2,0.68571
1070005,3,0.68704
1070005,4,0.6842
1070005,5,0.68175
1082001,1,0.44326
1082001,2,0.44065
1082001,3,0.44448
1082001,4,0.44245
1082001,5,0.44489
1090005,1,0.1089
1090005,2,0.11491
1090005,3,0.11798
1090005,4,0.13788
1090005,5,0.1338
1096001,1,0.51971
1096001,2,0.51287
1096001,3,0.51086
1096001,4,0.51503
1096001,5,0.51913
1100001,1,0.13614
1100001,2,0.15169
1100001,3,0.14014
1100001,4,0.14776
1100001,5,0.12452
1102009,1,0.17958
1102009,2,0.1661
1102009,3,0.14672
1102009,4,0.16612
1102009,5,0.17103
1104001,1,0.14333
1104001,2,0.14984
1104001,3,0.16322
1104001,4,0.13426
1104001,5,0.14757
1106001,1,0.50667
1106001,2,0.50903
1106001,3,0.44069
1106001,4,0.51108
1106001,5,0.4684
1108001,1,0.31514
1108001,2,0.25076
1108001,3,0.34945
1108001,4,0.35697
1108001,5,0.29904
1110001,1,0.59506
1110001,2,0.60161
1110001,3,0.60074
1110001,4,0.60033
1110001,5,0.59068
1119004,1,0.06274
1119004,2,0.06264
1119004,3,0.06276
1119004,4,0.06268
1119004,5,0.06269
1135001,1,0.17744
1135001,2,0.19457
1135001,3,0.18362
1135001,4,0.18583
1135001,5,0.17851
1139013,1,0.42537
1139013,2,0.41887
1139013,3,0.41701
1139013,4,0.42176
1139013,5,0.4068
1141001,1,0.26541
1141001,2,0.37925
1141001,3,0.37881
1141001,4,0.37865
1141001,5,0.38043
1141003,1,0.77012
1141003,2,0.77301
1141003,3,0.77284
1141003,4,0.74732
1141003,5,0.73922
1142001,1,0.20594
1142001,2,0.25478
1142001,3,0.25189
1142001,4,0.25265
1142001,5,0.23674
1144001,1,0.20711
1144001,2,0.20699
1144001,3,0.20667
1144001,4,0.2071
1144001,5,0.20683
1146001,1,0.42432
1146001,2,0.43713
1146001,3,0.43651
1146001,4,0.43589
1146001,5,0.43797
1147001,1,0.26371
1147001,2,0.21775
1147001,3,0.24526
1147001,4,0.27529
1147001,5,0.24061
1149001,1,0.10834
1149001,2,0.10777
1149001,3,0.10843
1149001,4,0.10823
1149001,5,0.10851
1154001,1,0.46685
1154001,2,0.46879
1154001,3,0.44447
1154001,4,0.44849
1154001,5,0.44494
1155001,1,0.32198
1155001,2,0.32363
1155001,3,0.32419
1155001,4,0.3226
1155001,5,0.32249
1166001,1,0.40586
1166001,2,0.41144
1166001,3,0.40596
1166001,4,0.40202
1166001,5,0.40921
1169001,1,0.25547
1169001,2,0.26103
1169001,3,0.26285
1169001,4,0.25797
1169001,5,0.25811
1171001,1,0.24843
1171001,2,0.2574
1171001,3,0.27164
1171001,4,0.25757
1171001,5,0.28798
1172001,1,0.15583
1172001,2,0.15313
1172001,3,0.15334
1172001,4,0.15218
1172001,5,0.15484
1184001,1,0.40287
1184001,2,0.39542
1184001,3,0.41342
1184001,4,0.39977
1184001,5,0.39607
1195001,1,0.44173
1195001,2,0.44324
1195001,3,0.44847
1195001,4,0.4361
1195001,5,0.4435
1196001,1,0.24252
1196001,2,0.24209
1196001,3,0.24433
1196001,4,0.24256
1196001,5,0.24146
1201007,1,0.81579
1201007,2,0.80961
1201007,3,0.81405
1201007,4,0.80124
1201007,5,0.80848
1202001,1,0.19478
1202001,2,0.23303
1202001,3,0.23978
1202001,4,0.2256
1202001,5,0.2399
1203001,1,0.22752
1203001,2,0.20641
1203001,3,0.22592
1203001,4,0.23119
1203001,5,0.13609
1241001,1,0.1578
1241001,2,0.19987
1241001,3,0.19253
1241001,4,0.17535
1241001,5,0.21451
1248001,1,0.84211
1248001,2,0.83974
1248001,3,0.84647
1248001,4,0.84338
1248001,5,0.84421
1254001,1,0.66803
1254001,2,0.67184
1254001,3,0.66797
1254001,4,0.66824
1254001,5,0.67668
1256001,1,0.24088
1256001,2,0.27114
1256001,3,0.22671
1256001,4,0.2212
1256001,5,0.24557
1262001,1,0.35593
1262001,2,0.34084
1262001,3,0.35954
1262001,4,0.34235
1262001,5,0.34714
1280001,1,0.41542
1280001,2,0.27853
1280001,3,0.06865
1280001,4,0.06707
1280001,5,0.51859
1285001,1,0.38685
1285001,2,0.38684
1285001,3,0.38772
1285001,4,0.38847
1285001,5,0.38802
1293001,1,0.25302
1293001,2,0.37202
1293001,3,0.32955
1293001,4,0.28998
1293001,5,0.20158
1304001,1,0.09199
1304001,2,0.08781
1304001,3,0.08695
1304001,4,0.0883
1304001,5,0.09276
1308002,1,0.16458
1308002,2,0.16212
1308002,3,0.14128
1308002,4,0.16729
1308002,5,0.16779
1313001,1,0.18661
1313001,2,0.15505
1313001,3,0.20012
1313001,4,0.12568
1313001,5,0.12747
1316001,1,0.15939
1316001,2,0.16675
1316001,3,0.14051
1316001,4,0.14748
1316001,5,0.16865
1330001,1,0.14492
1330001,2,0.14472
1330001,3,0.14129
1330001,4,0.1516
1330001,5,0.15511
1339001,1,0.08705
1339001,2,0.12635
1339001,3,0.10346
1339001,4,0.13612
1339001,5,0.11047
1361002,1,0.15584
1361002,2,0.146
1361002,3,0.16524
1361002,4,0.19648
1361002,5,0.1693
1394003,1,0.13885
1394003,2,0.1494
1394003,3,0.19148
1394003,4,0.17108
1394003,5,0.1653
1401001,1,0.15908
1401001,2,0.15835
1401001,3,0.14293
1401001,4,0.14804
1401001,5,0.13406
1424001,1,0.10886
1424001,2,0.13205
1424001,3,0.14824
1424001,4,0.14157
1424001,5,0.13248
1425001,1,0.16182
1425001,2,0.14847
1425001,3,0.14548
1425001,4,0.14756
1425001,5,0.19361
1426018,1,0.18401
1426018,2,0.16736
1426018,3,0.19002
1426018,4,0.15333
1426018,5,0.19009
1427001,1,0.14657
1427001,2,0.1459
1427001,3,0.16293
1427001,4,0.13786
1427001,5,0.1453
1428001,1,0.14933
1428001,2,0.15648
1428001,3,0.17014
1428001,4,0.14386
1428001,5,0.17304
1436001,1,0.13367
1436001,2,0.17985
1436001,3,0.15017
1436001,4,0.19834
1436001,5,0.13678
1437001,1,0.16138
1437001,2,0.16109
1437001,3,0.17367
1437001,4,0.14815
1437001,5,0.19574
1438001,1,0.19125
1438001,2,0.15178
1438001,3,0.16625
1438001,4,0.27542
1438001,5,0.1691
1438004,1,0.17278
1438004,2,0.17506
1438004,3,0.17538
1438004,4,0.16396
1438004,5,0.15343
1450001,1,0.14847
1450001,2,0.12959
1450001,3,0.1152
1450001,4,0.1226
1450001,5,0.13858
1452003,1,0.13991
1452003,2,0.13164
1452003,3,0.1689
1452003,4,0.15564
1452003,5,0.15369
1456001,1,0.16959
1456001,2,0.13195
1456001,3,0.16006
1456001,4,0.15834
1456001,5,0.13376
1461001,1,0.24808
1461001,2,0.20171
1461001,3,0.24803
1461001,4,0.13626
1461001,5,0.18156
1467001,1,0.14306
1467001,2,0.22581
1467001,3,0.12246
1467001,4,0.14351
1467001,5,0.19622
1474001,1,0.15166
1474001,2,0.12044
1474001,3,0.1228
1474001,4,0.12361
1474001,5,0.1213
1474005,1,0.34383
1474005,2,0.31064
1474005,3,0.3075
1474005,4,0.30326
1474005,5,0.31065
1475001,1,0.07949
1475001,2,0.09795
1475001,3,0.21035
1475001,4,0.19333
1475001,5,0.28536
1478006,1,0.14807
1478006,2,0.1406
1478006,3,0.15083
1478006,4,0.14403
1478006,5,0.15639
1479001,1,0.29755
1479001,2,0.29212
1479001,3,0.29563
1479001,4,0.29435
1479001,5,0.29572
1488004,1,0.17315
1488004,2,0.22656
1488004,3,0.15368
1488004,4,0.19312
1488004,5,0.20767
1498001,1,0.17884
1498001,2,0.17034
1498001,3,0.1778
1498001,4,0.12938
1498001,5,0.14531
1499001,1,0.16189
1499001,2,0.13821
1499001,3,0.13707
1499001,4,0.18675
1499001,5,0.14011
1500001,1,0.196
1500001,2,0.16582
1500001,3,0.13433
1500001,4,0.18064
1500001,5,0.14022
1501001,1,0.20616
1501001,2,0.18184
1501001,3,0.13853
1501001,4,0.17375
1501001,5,0.20545
1503001,1,0.18292
1503001,2,0.14492
1503001,3,0.15496
1503001,4,0.16962
1503001,5,0.14443
1512001,1,0.19065
1512001,2,0.17799
1512001,3,0.18974
1512001,4,0.13559
1512001,5,0.174
1521001,1,0.16776
1521001,2,0.136
1521001,3,0.19115
1521001,4,0.14561
1521001,5,0.1875
1524001,1,0.17181
1524001,2,0.18302
1524001,3,0.17333
1524001,4,0.17968
1524001,5,0.16344
1526006,1,0.17202
1526006,2,0.161
1526006,3,0.16486
1526006,4,0.14156
1526006,5,0.17139
1527001,1,0.18881
1527001,2,0.18747
1527001,3,0.18981
1527001,4,0.18783
1527001,5,0.18791
1538001,1,0.13197
1538001,2,0.12568
1538001,3,0.12405
1538001,4,0.1138
1538001,5,0.11997
1544001,1,0.14822
1544001,2,0.14752
1544001,3,0.14842
1544001,4,0.14897
1544001,5,0.1489
1556004,1,0.16371
1556004,2,0.17598
1556004,3,0.19501
1556004,4,0.15954
1556004,5,0.14721
1590001,1,0.13762
1590001,2,0.12953
1590001,3,0.1652
1590001,4,0.13464
1590001,5,0.1471
1593002,1,0.14386
1593002,2,0.12724
1593002,3,0.15211
1593002,4,0.14896
1593002,5,0.13761
1594001,1,0.24873
1594001,2,0.2499
1594001,3,0.25121
1594001,4,0.24606
1594001,5,0.24602
1594005,1,0.12446
1594005,2,0.14037
1594005,3,0.15213
1594005,4,0.12168
1594005,5,0.16195
1600001,1,0.28587
1600001,2,0.25548
1600001,3,0.25626
1600001,4,0.25788
1600001,5,0.25495
1611002,1,0.10917
1611002,2,0.15125
1611002,3,0.16141
1611002,4,0.12533
1611002,5,0.18088
1616001,1,0.11971
1616001,2,0.13426
1616001,3,0.13953
1616001,4,0.12182
1616001,5,0.16115
1658003,1,0.09851
1658003,2,0.09943
1658003,3,0.10415
1658003,4,0.1059
1658003,5,0.107
1658004,1,0.09138
1658004,2,0.08597
1658004,3,0.08475
1658004,4,0.08454
1658004,5,0.08165
1658005,1,0.11429
1658005,2,0.12605
1658005,3,0.12159
1658005,4,0.13155
1658005,5,0.12823
1747001,1,0.12851
1747001,2,0.15258
1747001,3,0.16186
1747001,4,0.1395
1747001,5,0.1848
1765001,1,0.17991
1765001,2,0.17048
1765001,3,0.18322
1765001,4,0.1806
1765001,5,0.17739
1805005,1,0.41063
1805005,2,0.40694
1805005,3,0.40291
1805005,4,0.41053
1805005,5,0.40536
1806001,1,0.22807
1806001,2,0.12796
1806001,3,0.16868
1806001,4,0.22529
1806001,5,0.2548
1825001,1,0.36185
1825001,2,0.31231
1825001,3,0.30872
1825001,4,0.41288
1825001,5,0.26669
1832001,1,0.1975
1832001,2,0.21
1832001,3,0.19291
1832001,4,0.1866
1832001,5,0.22293
1841001,1,0.46461
1841001,2,0.46266
1841001,3,0.53951
1841001,4,0.54293
1841001,5,0.43291
1852001,1,0.19798
1852001,2,0.1223
1852001,3,0.17298
1852001,4,0.13524
1852001,5,0.18485
1859001,1,0.35384
1859001,2,0.34083
1859001,3,0.35535
1859001,4,0.31706
1859001,5,0.32577
1863001,1,0.14501
1863001,2,0.15654
1863001,3,0.16385
1863001,4,0.14288
1870001,1,0.84861
1870001,2,0.849
1870001,3,0.85002
1870001,4,0.84121
1870001,5,0.8483
1880001,1,0.122
1880001,2,0.12275
1880001,3,0.11527
1880001,4,0.11751
1880001,5,0.14084
1890005,1,0.15134
1890005,2,0.12918
1890005,3,0.13802
1890005,4,0.13266
1890005,5,0.12793
1920001,1,0.31585
1920001,2,0.33661
1920001,3,0.32477
1920001,4,0.32086
1920001,5,0.30862
1942001,1,0.75256
1942001,2,0.7448
1942001,3,0.74312
1942001,4,0.74396
1942001,5,0.75007
1943001,1,0.10514
1943001,2,0.11261
1943001,3,0.10454
1943001,4,0.11245
1943001,5,0.10509
1944001,1,0.67786
1944001,2,0.6654
1944001,3,0.66234
1944001,4,0.6694
1944001,5,0.67336
1951004,1,0.77464
1951004,2,0.76584
1951004,3,0.7752
1951004,4,0.76688
1951004,5,0.76339
1963002,1,0.36037
1963002,2,0.36323
1963002,3,0.36199
1963002,4,0.3598
1963002,5,0.35382
1971001,1,0.84901
1971001,2,0.849
1971001,3,0.84863
1971001,4,0.8557
1971001,5,0.85103
1996002,1,0.37623
1996002,2,0.37593
1996002,3,0.37582
1996002,4,0.35612
1996002,5,0.37399
2003001,1,0.40627
2003001,2,0.4307
2003001,3,0.40882
2003001,4,0.42717
2003001,5,0.41111
2009001,1,0.22312
2009001,2,0.21972
2009001,3,0.22231
2009001,4,0.24542
2009001,5,0.21518
2010003,1,0.48099
2010003,2,0.48335
2010003,3,0.50955
2010003,4,0.47948
2010003,5,0.50072
2025001,1,0.184
2025001,2,0.18176
2025001,3,0.18368
2025001,4,0.18306
2025001,5,0.18301
2033008,1,0.29464
2033008,2,0.30828
2033008,3,0.32968
2033008,4,0.21289
2033008,5,0.21403
2042001,1,0.19722
2042001,2,0.20764
2042001,3,0.20502
2042001,4,0.20191
2042001,5,0.20199
2049001,1,0.13227
2049001,2,0.12714
2049001,3,0.12338
2049001,4,0.13103
2049001,5,0.13025
2049002,1,0.26067
2049002,2,0.24788
2049002,3,0.25308
2049002,4,0.25058
2049002,5,0.25328
2050002,1,0.50521
2050002,2,0.51023
2050002,3,0.49777
2050002,4,0.49791
2050002,5,0.49009
2055001,1,0.3877
2055001,2,0.38975
2055001,3,0.38938
2055001,4,0.39143
2055001,5,0.3923
2071001,1,0.12963
2071001,2,0.1294
2071001,3,0.12964
2071001,4,0.13035
2071001,5,0.12863
2086001,1,0.10528
2086001,2,0.10676
2086001,3,0.10228
2086001,4,0.1175
2086001,5,0.09289
2109001,1,0.21334
2109001,2,0.22007
2109001,3,0.21267
2109001,4,0.21193
2109001,5,0.24541
2143003,1,0.53526
2143003,2,0.55026
2143003,3,0.55114
2143003,4,0.53168
2143003,5,0.60732
2148002,1,0.63319
2148002,2,0.65908
2148002,3,0.6677
2148002,4,0.67851
2148002,5,0.67575
2162001,1,0.34123
2162001,2,0.34601
2162001,3,0.34236
2162001,4,0.34533
2162001,5,0.34466
2167001,1,0.12999
2167001,2,0.13149
2167001,3,0.11905
2167001,4,0.12644
2167001,5,0.12899
2171002,1,0.2514
2171002,2,0.25322
2171002,3,0.25547
2171002,4,0.2622
2171002,5,0.25957
2253001,1,0.1675
2253001,2,0.16659
2253001,3,0.16744
2253001,4,0.16737
2253001,5,0.1662
2312001,1,0.18922
2312001,2,0.18703
2312001,3,0.18625
2312001,4,0.18921
2312001,5,0.19103
2317001,1,0.27246
2317001,2,0.27887
2317001,3,0.27506
2317001,4,0.2784
2317001,5,0.27629
2327008,1,0.53151
2327008,2,0.54043
2327008,3,0.53162
2327008,4,0.52325
2327008,5,0.53287
2334001,1,0.29606
2334001,2,0.29588
2334001,3,0.30186
2334001,4,0.30087
2334001,5,0.29573
2340001,1,0.62435
2340001,2,0.62798
2340001,3,0.62179
2340001,4,0.61799
2340001,5,0.62128
2340007,1,0.39724
2340007,2,0.41377
2340007,3,0.39548
2340007,4,0.40305
2340007,5,0.41113
2386001,1,0.12376
2386001,2,0.14001
2386001,3,0.12565
2386001,4,0.11422
2386001,5,0.12372
2476001,1,0.26809
2476001,2,0.22986
2476001,3,0.23885
2476001,4,0.26886
2476001,5,0.25847
2476007,1,0.14353
2476007,2,0.13289
2476007,3,0.18706
2476007,4,0.15604
2476007,5,0.13447
2477005,1,0.65145
2477005,2,0.61401
2477005,3,0.64252
2477005,4,0.65072
2477005,5,0.60084
2478001,1,0.14027
2478001,2,0.14231
2478001,3,0.13156
2478001,4,0.12543
2478001,5,0.12682
2481001,1,0.11972
2481001,2,0.1215
2481001,3,0.11765
2481001,4,0.13314
2481001,5,0.12333
2481002,1,0.1741
2481002,2,0.17264
2481002,3,0.1783
2481002,4,0.17274
2481002,5,0.1709
2483001,1,0.54023
2483001,2,0.5272
2483001,3,0.55178
2483001,4,0.54482
2483001,5,0.5568
2484001,1,0.67873
2484001,2,0.69075
2484001,3,0.6811
2484001,4,0.68456
2484001,5,0.68528
2486001,1,0.67225
2486001,2,0.74033
2486001,3,0.70553
2486001,4,0.72359
2486001,5,0.73568
2487001,1,0.18161
2487001,2,0.20346
2487001,3,0.14342
2487001,4,0.20243
2487001,5,0.20052
2487002,1,0.11448
2487002,2,0.21084
2487002,3,0.23273
2487002,4,0.12694
2487002,5,0.14439
2488001,1,0.28659
2488001,2,0.28378
2488001,3,0.28715
2488001,4,0.28556
2488001,5,0.28398
2490001,1,0.63465
2490001,2,0.64071
2490001,3,0.63783
2490001,4,0.63645
2490001,5,0.64103
2493001,1,0.23197
2493001,2,0.25719
2493001,3,0.24996
2493001,4,0.23134
2493001,5,0.26172
2493003,1,0.42503
2493003,2,0.40715
2493003,3,0.4203
2493003,4,0.40912
2493003,5,0.42673
2495001,1,0.17135
2495001,2,0.17188
2495001,3,0.17446
2495001,4,0.17288
2495001,5,0.17326
2495002,1,0.50428
2495002,2,0.49732
2495002,3,0.50985
2495002,4,0.50557
2495002,5,0.50839
2496001,1,0.41391
2496001,2,0.41288
2496001,3,0.40758
2496001,4,0.41996
2496001,5,0.41921
2497001,1,0.32882
2497001,2,0.32267
2497001,3,0.10031
2497001,4,0.09103
2497001,5,0.34778
2498001,1,0.59484
2498001,2,0.60122
2498001,3,0.58203
2498001,4,0.58093
2498001,5,0.59798
2501001,1,0.11727
2501001,2,0.11798
2501001,3,0.11761
2501001,4,0.11754
2501001,5,0.1171
2502001,1,0.29595
2502001,2,0.29515
2502001,3,0.29293
2502001,4,0.29466
2502001,5,0.29385
2503001,1,0.54695
2503001,2,0.54452
2503001,3,0.57172
2503001,4,0.57653
2503001,5,0.57048
2504003,1,0.27533
2504003,2,0.30062
2504003,3,0.26073
2504003,4,0.25236
2504003,5,0.27711
2505001,1,0.24447
2505001,2,0.23493
2505001,3,0.22754
2505001,4,0.2246
2505001,5,0.22448
2506001,1,0.15262
2506001,2,0.14971
2506001,3,0.14243
2506001,4,0.16029
2506001,5,0.14971
2507001,1,0.51223
2507001,2,0.50686
2507001,3,0.53593
2507001,4,0.52932
2507001,5,0.52399
2508001,1,0.16245
2508001,2,0.18118
2508001,3,0.16793
2508001,4,0.17169
2508001,5,0.16373
2510001,1,0.60636
2510001,2,0.6142
2510001,3,0.60393
2510001,4,0.61138
2510001,5,0.6029
2513001,1,0.14102
2513001,2,0.19053
2513001,3,0.15828
2513001,4,0.16226
2513001,5,0.19742
2515001,1,0.11178
2515001,2,0.11067
2515001,3,0.11074
2515001,4,0.11085
2515001,5,0.114
2516001,1,0.7736
2516001,2,0.77428
2516001,3,0.77274
2516001,4,0.775
2516001,5,0.77315
2518001,1,0.67855
2518001,2,0.68607
2518001,3,0.67593
2518001,4,0.68774
2518001,5,0.67644
2519001,1,0.12854
2519001,2,0.13201
2519001,3,0.12964
2519001,4,0.13238
2519001,5,0.13876
2521009,1,0.41892
2521009,2,0.41992
2521009,3,0.42122
2521009,4,0.42136
2521009,5,0.41743
2523003,1,0.32124
2523003,2,0.32519
2523003,3,0.32413
2523003,4,0.32185
2523003,5,0.3276
2524002,1,0.05972
2524002,2,0.05971
2524002,3,0.05163
2524002,4,0.05973
2524002,5,0.05973
2528001,1,0.43227
2528001,2,0.43198
2528001,3,0.42807
2528001,4,0.43317
2528001,5,0.43081
2530002,1,0.55815
2530002,2,0.58649
2530002,3,0.63446
2530002,4,0.62181
2530002,5,0.52942
2536001,1,0.2154
2536001,2,0.2192
2536001,3,0.2212
2536001,4,0.21987
2536001,5,0.22298
2536002,1,0.56988
2536002,2,0.57439
2536002,3,0.56632
2536002,4,0.56996
2536002,5,0.57112
2772028,1,0.39679
2772028,2,0.28623
2772028,3,0.35773
2772028,4,0.33747
2772028,5,0.27877
2879007,1,0.21179
2879007,2,0.26762
2879007,3,0.23285
2879007,4,0.21717
2879007,5,0.23818
2879009,1,0.1971
2879009,2,0.19914
2879009,3,0.19725
2879009,4,0.19887
2879009,5,0.19735
