modelID,Nmodel,class,tmalign,RMSD,seqlength,proq4,pcons,qmean,dan,FC
5001,2,0,0.22235,30.98,107,0.343,0.418,0.567,0.372,0.4205607477
5001,4,0,0.22011,30.73,107,0.341,0.408,0.604,0.373,0.4205607477
5001,5,0,0.20599,30.89,107,0.344,0.437,0.55,0.391,0.4205607477
5001,3,0,0.20396,31.16,107,0.358,0.291,0.532,0.38,0.4205607477
5001,1,0,0.20006,29.16,107,0.299,0.319,0.506,0.384,0.4205607477
6005,4,1,0.70444,3.45,104,0.519,0.904,0.595,0.518,0.5480769231
6005,2,1,0.69896,3.65,104,0.537,0.911,0.598,0.5,0.5480769231
6005,5,1,0.69525,3.68,104,0.564,0.914,0.595,0.53,0.5480769231
6005,3,1,0.69014,3.56,104,0.514,0.895,0.6,0.533,0.5480769231
6005,1,1,0.67848,4.26,104,0.529,0.837,0.575,0.49,0.5480769231
15006,2,0,0.42727,3.17,76,0.262,0.738,0.46,0.494,0.6052631579
15006,3,0,0.42286,4.5,76,0.237,0.775,0.485,0.47,0.6052631579
15006,4,0,0.41954,3.94,76,0.253,0.906,0.491,0.578,0.6052631579
15006,1,0,0.4115,4.01,76,0.252,0.875,0.466,0.49,0.6052631579
15006,5,0,0.40948,3.85,76,0.236,0.882,0.511,0.598,0.6052631579
18011,2,0,0.47653,16.59,198,0.335,0.513,0.531,0.261,0.7525252525
18011,3,0,0.43573,15.69,198,0.353,0.531,0.515,0.267,0.7525252525
18011,4,0,0.4265,16.23,198,0.349,0.497,0.55,0.252,0.7525252525
18011,5,0,0.39749,16.83,198,0.264,0.406,0.49,0.214,0.7525252525
18011,1,0,0.39159,17.37,198,0.366,0.435,0.507,0.271,0.7525252525
26001,4,0,0.3683,8.19,40,0.255,0.918,0.775,0.686,0.15
26001,1,0,0.36782,8.21,40,0.256,0.918,0.779,0.651,0.15
26001,5,0,0.36772,8.19,40,0.257,0.919,0.777,0.662,0.15
26001,3,0,0.35406,8.46,40,0.251,0.85,0.757,0.713,0.15
26001,2,0,0.35067,8.37,40,0.26,0.863,0.542,0.569,0.15
26005,4,0,0.43555,9.23,65,0.35,0.859,0.5076923077,0.516,0.1692307692
26005,5,0,0.42943,9.63,65,0.356,0.896,0.5230769231,0.478,0.1692307692
26005,1,0,0.4294,9.39,65,0.36,0.929,0.4769230769,0.52,0.1692307692
26005,3,0,0.42939,9.16,65,0.342,0.887,0.4923076923,0.563,0.1692307692
26005,2,0,0.42933,9.45,65,0.341,0.923,0.4923076923,0.528,0.1692307692
27002,2,0,0.37941,10.49,57,0.387,0.86,0.462,0.443,0.3157894737
27002,5,0,0.37055,10.11,57,0.419,0.922,0.769,0.581,0.3157894737
27002,4,0,0.36582,10.1,57,0.419,0.909,0.767,0.562,0.3157894737
27002,1,0,0.35523,10.38,57,0.451,0.923,0.741,0.602,0.3157894737
27002,3,0,0.35176,10.2,57,0.493,0.928,0.78,0.568,0.3157894737
37002,4,0,0.33728,10.62,54,0.32,0.739,0.506,0.54,0.3148148148
37002,5,0,0.33458,9.88,54,0.327,0.692,0.554,0.53,0.3148148148
37002,3,0,0.33192,10.23,54,0.325,0.736,0.483,0.51,0.3148148148
37002,2,0,0.32469,11.17,54,0.294,0.658,0.512,0.51,0.3148148148
37002,1,0,0.32315,11.29,54,0.308,0.665,0.519,0.526,0.3148148148
48020,2,0,0.40253,4.39,39,0.231,0.546,0.445,0.439,0.6923076923
48020,4,0,0.38068,4.65,39,0.275,0.542,0.427,0.45,0.6923076923
48020,5,0,0.37877,6.07,39,0.349,0.441,0.533,0.428,0.6923076923
48020,3,0,0.34229,5.04,39,0.236,0.429,0.481,0.41,0.6923076923
48020,1,0,0.33772,4.05,39,0.274,0.478,0.507,0.453,0.6923076923
48023,5,0,0.12087,12.52,83,0.233,0.492,0.6385542169,0.37,0.6506024096
48023,2,0,0.11115,14.87,83,0.239,0.598,0.6506024096,0.371,0.6506024096
48023,3,0,0.10611,14.16,83,0.213,0.496,0.6385542169,0.378,0.6506024096
48023,1,0,0.1034,15.36,83,0.233,0.628,0.6024096386,0.362,0.6506024096
48023,4,0,0.10002,16.32,83,0.218,0.596,0.6506024096,0.386,0.6506024096
52001,4,0,0.42046,11.28,285,0.476,0.506,0.481,0.324,0.5333333333
52001,2,0,0.41113,13.12,285,0.477,0.496,0.474,0.3,0.5333333333
52001,3,0,0.39871,14.55,285,0.456,0.463,0.473,0.292,0.5333333333
52001,1,0,0.38725,14.15,285,0.449,0.506,0.485,0.297,0.5333333333
52001,5,0,0.37489,14.51,285,0.479,0.494,0.473,0.334,0.5333333333
55002,1,73,0.68043,4.68,0.643,0.91,0.654,0.5920000000000001
55002,2,73,0.68767,4.65,0.627,0.9279999999999999,0.6559999999999999,0.586
55002,3,73,0.68465,4.32,0.627,0.907,0.642,0.5920000000000001
55002,4,73,0.68698,4.7,0.613,0.8690000000000001,0.6659999999999999,0.542
55002,5,73,0.68032,4.58,0.638,0.9,0.649,0.588
68001,5,0,0.17691,7.42,206,0.423,0,0.48,0.55,0.213592233
68001,2,0,0.17675,7.46,206,0.433,0,0.483,0.558,0.213592233
68001,3,0,0.15502,7.21,206,0.432,0,0.508,0.506,0.213592233
68001,1,0,0.12838,7.19,206,0.426,0,0.491,0.541,0.213592233
68001,4,0,0.12713,7.49,206,0.426,0,0.477,0.61,0.213592233
70001,1,0,0.10955,20.82,140,0.216,0.941,0.368,0.462,0.4642857143
70001,2,0,0.10939,20.76,140,0.227,0.925,0.346,0.395,0.4642857143
70001,4,0,0.10921,20.83,140,0.215,0.921,0.389,0.462,0.4642857143
70001,5,0,0.10884,20.83,140,0.254,0.933,0.364,0.44,0.4642857143
70001,3,0,0.10753,20.72,140,0.242,0.918,0.348,0.337,0.4642857143
75005,4,1,0.83983,1.84,77,0.43,0.967,0.763,0.826,0.1298701299
75005,2,1,0.83651,1.76,77,0.449,0.953,0.739,0.822,0.1298701299
75005,3,1,0.83304,1.88,77,0.417,0.967,0.762,0.824,0.1298701299
75005,5,1,0.83228,2.11,77,0.437,0.953,0.751,0.818,0.1298701299
75005,1,1,0.83182,2.08,77,0.438,0.959,0.749,0.836,0.1298701299
76002,2,0,0.2907,6.8,48,0.284,0.965,0.586,0.538,0.4375
76002,3,0,0.28943,6.86,48,0.266,0.945,0.592,0.535,0.4375
76002,5,0,0.28715,6.87,48,0.258,0.959,0.62,0.588,0.4375
76002,4,0,0.28627,6.83,48,0.275,0.963,0.573,0.514,0.4375
76002,1,0,0.28253,6.77,48,0.284,0.967,0.539,0.486,0.4375
83001,1,1,0.76517,2.59,57,0.344,0.943,0.677,0.93,0.0701754386
83001,4,1,0.76463,2.52,57,0.377,0.926,0.711,0.952,0.0701754386
83001,3,1,0.76039,2.63,57,0.346,0.95,0.678,0.913,0.0701754386
83001,2,1,0.76012,2.61,57,0.358,0.955,0.711,0.953,0.0701754386
83001,5,1,0.66864,3.56,57,0.304,0.835,0.637,0.794,0.0701754386
88001,3,0,0.29537,12.16,111,0.315,0.855,0.632,0.435,0.3333333333
88001,4,0,0.2949,12.41,111,0.317,0.816,0.651,0.414,0.3333333333
88001,1,0,0.29484,11.85,111,0.311,0.744,0.62,0.489,0.3333333333
88001,2,0,0.29441,12.45,111,0.312,0.837,0.625,0.406,0.3333333333
88001,5,0,0.29421,12.42,111,0.314,0.823,0.613,0.406,0.3333333333
88003,5,1,0.58175,5.52,51,0.216,0.72,0.51,0.551,0.2745098039
88003,1,1,0.5797,5.5,51,0.217,0.678,0.522,0.552,0.2745098039
88003,2,1,0.55759,9.14,51,0.227,0.73,0.473,0.578,0.2745098039
88003,4,1,0.555,7.85,51,0.223,0.707,0.504,0.591,0.2745098039
88003,3,1,0.55434,6.94,51,0.231,0.716,0.509,0.602,0.2745098039
91001,3,0,0.20373,19.35,84,0.396,0.596,0.554,0.489,0.4523809524
91001,5,0,0.18793,19.67,84,0.377,0.58,0.546,0.506,0.4523809524
91001,2,0,0.18678,19.99,84,0.397,0.618,0.475,0.457,0.4523809524
91001,1,0,0.17723,20.95,84,0.401,0.567,0.515,0.531,0.4523809524
91001,4,0,0.17367,19.29,84,0.358,0.595,0.484,0.458,0.4523809524
91003,5,0,0.42558,2.76,85,0.482,0.604,0.542,0.636,0.3294117647
91003,2,0,0.42539,2.78,85,0.499,0.637,0.54,0.605,0.3294117647
91003,4,0,0.42433,2.78,85,0.507,0.603,0.522,0.594,0.3294117647
91003,1,0,0.42152,2.82,85,0.508,0.603,0.557,0.624,0.3294117647
91003,3,0,0.42103,2.81,85,0.511,0.579,0.539,0.664,0.3294117647
113001,4,1,0.58359,4.03,93,0.278,0.909,0.649,0.696,0.2688172043
113001,2,1,0.58344,3.8,93,0.268,0.928,0.683,0.781,0.2688172043
113001,1,1,0.58143,4.29,93,0.284,0.91,0.731,0.728,0.2688172043
113001,3,1,0.5813,3.89,93,0.274,0.926,0.702,0.774,0.2688172043
113001,5,1,0.55427,3.81,93,0.26,0.898,0.666,0.644,0.2688172043
116001,3,0,0.47143,7.73,49,0.227,0.769,0.556,0.59,0.5306122449
116001,5,0,0.47043,7.73,49,0.235,0.769,0.569,0.579,0.5306122449
116001,4,0,0.46866,7.51,49,0.225,0.75,0.551,0.602,0.5306122449
116001,1,0,0.40284,5.47,49,0.247,0.658,0.538,0.513,0.5306122449
116001,2,0,0.3985,5.31,49,0.24,0.659,0.549,0.55,0.5306122449
128001,2,0,0.17629,7.41,251,0.43,0,0.591,0.622,0.1633466135
128001,1,0,0.17573,7.41,251,0.385,0,0.561,0.602,0.1633466135
128001,3,0,0.17281,7.43,251,0.396,0,0.555,0.568,0.1633466135
128001,4,0,0.16705,7.41,251,0.419,0,0.571,0.544,0.1633466135
128001,5,0,0.1295,7.33,251,0.401,0,0.58,0.52,0.1633466135
132006,3,1,0.5955,9.4,395,0.59,0.848,0.587,0.447,0.4506329114
132006,4,1,0.58777,9.39,395,0.607,0.886,0.61,0.477,0.4506329114
132006,5,1,0.58755,9.36,395,0.602,0.835,0.601,0.439,0.4506329114
132006,2,1,0.58612,9.64,395,0.58,0.852,0.592,0.404,0.4506329114
132006,1,1,0.58497,9.5,395,0.598,0.88,0.599,0.453,0.4506329114
136008,4,1,0.78835,2.08,89,0.532,0.984,0.613,0.624,0.4943820225
136008,1,1,0.78636,2.16,89,0.52,0.97,0.611,0.628,0.4943820225
136008,5,1,0.78379,2.13,89,0.544,0.983,0.622,0.614,0.4943820225
136008,2,1,0.78207,2.13,89,0.545,0.986,0.613,0.62,0.4943820225
136008,3,1,0.78137,2.14,89,0.538,0.982,0.616,0.629,0.4943820225
138010,3,1,0.89802,0.17,77,0.302,0,0.424,0.351,0.7662337662
138010,4,1,0.89057,0.18,77,0.303,0,0.476,0.388,0.7662337662
138010,1,1,0.88949,0.18,77,0.286,0,0.469,0.375,0.7662337662
138010,2,1,0.88136,0.19,77,0.33,0,0.438,0.355,0.7662337662
138010,5,1,0.86942,0.2,77,0.286,0,0.451,0.378,0.7662337662
140001,1,1,0.73539,4.42,85,0.505,0.834,0.571,0.543,0.5411764706
140001,3,1,0.72534,4.89,85,0.541,0.838,0.579,0.557,0.5411764706
140001,2,1,0.72248,4.5,85,0.534,0.826,0.557,0.513,0.5411764706
140001,5,1,0.70906,5.44,85,0.509,0.82,0.556,0.526,0.5411764706
140001,4,1,0.70755,6.03,85,0.532,0.798,0.576,0.586,0.5411764706
164001,2,1,0.75402,2.38,106,0.43,0.996,0.504,0.448,0.4150943396
164001,5,1,0.75073,2.41,106,0.412,0.994,0.494,0.434,0.4150943396
164001,1,1,0.75052,2.38,106,0.425,0.996,0.485,0.437,0.4150943396
164001,4,1,0.7492,2.38,106,0.415,0.993,0.529,0.464,0.4150943396
164001,3,1,0.74916,2.39,106,0.441,0.995,0.494,0.453,0.4150943396
174001,2,0,0.48946,20.45,149,0.42,0.799,0.67,0.593,0.3087248322
174001,1,0,0.48936,19.43,149,0.415,0.764,0.664,0.482,0.3087248322
174001,3,0,0.48778,18.21,149,0.436,0.801,0.694,0.588,0.3087248322
174001,4,0,0.48746,16.88,149,0.412,0.803,0.707,0.601,0.3087248322
174001,5,0,0.48364,17.74,149,0.404,0.774,0.643,0.534,0.3087248322
184001,3,0,0.48932,6.56,45,0.257,0.82,0.7777777778,0.636,0.5111111111
184001,1,0,0.48686,5.12,45,0.249,0.808,0.7777777778,0.598,0.5111111111
184001,2,0,0.48686,6.13,45,0.277,0.827,0.7777777778,0.556,0.5111111111
184001,5,0,0.48682,5.85,45,0.25,0.826,0.7777777778,0.566,0.5111111111
184001,4,0,0.48542,6.32,45,0.232,0.825,0.8,0.568,0.5111111111
184004,2,1,0.67969,4,110,0.491,0.785,0.691,0.53,0.5727272727
184004,4,1,0.66779,4.11,110,0.5,0.789,0.663,0.511,0.5727272727
184004,3,1,0.64749,5.27,110,0.495,0.724,0.655,0.544,0.5727272727
184004,5,1,0.64343,7.31,110,0.504,0.783,0.711,0.504,0.5727272727
184004,1,1,0.64231,7.24,110,0.502,0.786,0.676,0.553,0.5727272727
190001,1,1,0.84183,2.22,173,0.602,0.974,0.641,0.562,0.4104046243
190001,2,1,0.84025,2.29,173,0.597,0.98,0.642,0.583,0.4104046243
190001,3,1,0.83984,2.27,173,0.587,0.978,0.635,0.565,0.4104046243
190001,5,1,0.83933,2.25,173,0.59,0.973,0.636,0.55,0.4104046243
190001,4,1,0.83834,2.31,173,0.605,0.978,0.634,0.583,0.4104046243
193001,4,1,0.80944,4.03,178,0.537,0.913,0.561,0.426,0.3820224719
193001,1,1,0.80545,4.03,178,0.549,0.926,0.562,0.427,0.3820224719
193001,3,1,0.80422,4.05,178,0.56,0.916,0.57,0.426,0.3820224719
193001,2,1,0.80386,4.04,178,0.564,0.915,0.585,0.444,0.3820224719
193001,5,1,0.80352,4.09,178,0.555,0.924,0.556,0.414,0.3820224719
200003,4,1,0.72073,2.55,33,0.155,0.852,0.475,0.834,0.2424242424
200003,2,1,0.71356,2.7,33,0.149,0.955,0.451,0.904,0.2424242424
200003,5,1,0.70925,2.64,33,0.157,0.955,0.428,0.886,0.2424242424
200003,3,1,0.69714,2.71,33,0.149,0.946,0.324,0.805,0.2424242424
200003,1,1,0.68989,2.67,33,0.134,0.943,0.404,0.848,0.2424242424
201001,4,0,0.39608,20.77,76,0.446,0.923,0.622,0.519,0.5263157895
201001,3,0,0.39582,20.96,76,0.406,0.951,0.603,0.542,0.5263157895
201001,2,0,0.39136,20.97,76,0.45,0.965,0.612,0.508,0.5263157895
201001,1,0,0.39049,21.01,76,0.419,0.96,0.608,0.524,0.5263157895
201001,5,0,0.38843,20.82,76,0.453,0.951,0.619,0.488,0.5263157895
218001,1,0,0.44451,15.21,299,0.596,0.505,0.633,0.515,0.4481605351
218001,2,0,0.44084,16.08,299,0.591,0.565,0.604,0.495,0.4481605351
218001,5,0,0.43966,15.81,299,0.594,0.585,0.595,0.522,0.4481605351
218001,3,0,0.43308,14.04,299,0.591,0.422,0.663,0.495,0.4481605351
218001,4,0,0.43143,14.97,299,0.609,0.413,0.652,0.522,0.4481605351
242001,1,1,0.73916,3.39,83,0.608,0.976,0.715,0.631,0.4337349398
242001,4,1,0.73595,3.44,83,0.585,0.976,0.716,0.603,0.4337349398
242001,2,1,0.73557,3.42,83,0.597,0.973,0.694,0.627,0.4337349398
242001,3,1,0.73537,3.45,83,0.578,0.955,0.655,0.62,0.4337349398
242001,5,1,0.73287,3.38,83,0.629,0.967,0.71,0.704,0.4337349398
249001,2,0,0.26884,14.36,59,0.669,0.986,0.703,0.615,0.4576271186
249001,5,0,0.26818,14.35,59,0.661,0.987,0.691,0.586,0.4576271186
249001,3,0,0.26816,14.33,59,0.677,0.988,0.694,0.576,0.4576271186
249001,4,0,0.26751,14.34,59,0.676,0.988,0.7,0.592,0.4576271186
249001,1,0,0.26663,14.32,59,0.663,0.985,0.68,0.56,0.4576271186
250010,4,1,0.66979,6.07,194,0.532,0.808,0.532,0.414,0.618556701
250010,2,1,0.66567,5.98,194,0.523,0.791,0.509,0.388,0.618556701
250010,1,1,0.66317,6.35,194,0.516,0.829,0.527,0.372,0.618556701
250010,5,1,0.66056,5.66,194,0.526,0.828,0.514,0.378,0.618556701
250010,3,1,0.65166,7.15,194,0.532,0.802,0.516,0.38,0.618556701
262006,5,0,0.35486,7.95,51,0.29,0.51,0.537,0.463,0.5294117647
262006,3,0,0.3535,8.62,51,0.35,0.493,0.558,0.44,0.5294117647
262006,2,0,0.35204,8.86,51,0.271,0.511,0.512,0.447,0.5294117647
262006,1,0,0.35128,7.46,51,0.287,0.451,0.521,0.459,0.5294117647
262006,4,0,0.33089,7.43,51,0.309,0.5,0.531,0.467,0.5294117647
296001,4,0,0.31026,5.24,38,0.254,0.942,0.448,0.478,0.6842105263
296001,3,0,0.30757,5.12,38,0.264,0.942,0.455,0.458,0.6842105263
296001,1,0,0.30742,5.28,38,0.247,0.928,0.475,0.433,0.6842105263
296001,2,0,0.3065,5.09,38,0.272,0.878,0.452,0.443,0.6842105263
296001,5,0,0.30529,4.99,38,0.33,0.904,0.44,0.434,0.6842105263
307003,4,0,0.25444,9.5,36,0.21,0.315,0.381,0.534,0.8611111111
307003,2,0,0.25262,11.76,36,0.232,0.365,0.444,0.456,0.8611111111
307003,1,0,0.25249,13.51,36,0.19,0.271,0.384,0.53,0.8611111111
307003,5,0,0.25234,15.94,36,0.231,0.453,0.409,0.522,0.8611111111
307003,3,0,0.25231,16.54,36,0.335,0.373,0.523,0.508,0.8611111111
333001,2,1,0.67097,18,417,0.516,0.715,0.566,0.364,0.6019184652
333001,4,1,0.66979,23.79,417,0.516,0.715,0.558,0.352,0.6019184652
333001,3,1,0.66663,17.71,417,0.51,0.709,0.557,0.36,0.6019184652
333001,1,1,0.66163,18.91,417,0.497,0.71,0.562,0.333,0.6019184652
333001,5,1,0.65779,19.91,417,0.493,0.7,0.551,0.323,0.6019184652
340001,2,1,0.84801,2.09,137,0.636,0.981,0.74,0.616,0.3503649635
340001,4,1,0.84779,2.09,137,0.642,0.98,0.721,0.596,0.3503649635
340001,5,1,0.84711,2.1,137,0.643,0.985,0.739,0.613,0.3503649635
340001,1,1,0.84658,2.1,137,0.64,0.982,0.726,0.609,0.3503649635
340001,3,1,0.84638,2.1,137,0.643,0.984,0.731,0.587,0.3503649635
341001,1,0,0.16236,4.65,118,0.243,0.223,0.304,0.329,0.8305084746
341001,5,0,0.16142,4.64,118,0.255,0.266,0.332,0.34,0.8305084746
341001,4,0,0.16114,4.04,118,0.246,0.26,0.417,0.339,0.8305084746
341001,3,0,0.16102,4.69,118,0.249,0.269,0.35,0.312,0.8305084746
341001,2,0,0.16039,4.72,118,0.219,0.237,0.323,0.336,0.8305084746
348008,4,1,0.53213,4.16,60,0.503,0.972,0.641,0.725,0.3166666667
348008,3,1,0.53192,4.17,60,0.499,0.97,0.644,0.691,0.3166666667
348008,2,1,0.52991,4.17,60,0.506,0.976,0.643,0.703,0.3166666667
348008,5,1,0.52888,4.16,60,0.481,0.972,0.647,0.71,0.3166666667
348008,1,1,0.52642,4.2,60,0.514,0.957,0.647,0.698,0.3166666667
365001,5,1,0.60908,9.36,129,0.692,0.977,0.81,0.763,0.2015503876
365001,2,1,0.60898,9.41,129,0.693,0.978,0.809,0.782,0.2015503876
365001,3,1,0.60847,9.38,129,0.697,0.975,0.813,0.838,0.2015503876
365001,4,1,0.60831,9.42,129,0.69,0.978,0.816,0.766,0.2015503876
365001,1,1,0.60754,9.4,129,0.676,0.975,0.785,0.695,0.2015503876
382003,5,1,0.50916,3.66,24,0.36,0.993,0.7,0.769,0.375
382003,3,1,0.50912,3.66,24,0.356,0.992,0.697,0.759,0.375
382003,2,1,0.50795,3.75,24,0.355,0.991,0.683,0.788,0.375
382003,1,1,0.50712,3.74,24,0.351,0.986,0.718,0.764,0.375
382003,4,1,0.50486,3.74,24,0.35,0.986,0.693,0.776,0.375
387001,2,1,0.80085,2.52,116,0.59,0.968,0.721,0.588,0.3275862069
387001,1,1,0.80009,2.61,116,0.564,0.948,0.739,0.592,0.3275862069
387001,5,1,0.79919,2.59,116,0.57,0.967,0.733,0.552,0.3275862069
387001,4,1,0.79761,2.61,116,0.584,0.957,0.722,0.568,0.3275862069
387001,3,1,0.7975,2.54,116,0.592,0.964,0.707,0.57,0.3275862069
423001,2,1,0.71949,4.2,88,0.607,0.948,0.653,0.592,0.5227272727
423001,3,1,0.71922,4.17,88,0.562,0.967,0.639,0.581,0.5227272727
423001,5,1,0.71882,4.26,88,0.569,0.968,0.645,0.578,0.5227272727
423001,4,1,0.71622,4.22,88,0.579,0.974,0.645,0.576,0.5227272727
423001,1,1,0.71591,4.22,88,0.59,0.963,0.656,0.584,0.5227272727
427002,1,1,0.50851,3.73,55,0.383,0.844,0.68,0.564,0.3636363636
427002,5,1,0.50684,4.19,55,0.395,0.874,0.699,0.54,0.3636363636
427002,3,1,0.50491,4.38,55,0.408,0.875,0.713,0.603,0.3636363636
427002,4,1,0.50463,4.38,55,0.393,0.89,0.703,0.562,0.3636363636
427002,2,0,0.49372,4.99,55,0.435,0.804,0.68,0.542,0.3636363636
447016,3,0,0.26475,21.43,241,0.335,0.657,0.6390041494,0.279,0.5186721992
447016,5,0,0.26415,21.37,241,0.321,0.632,0.6390041494,0.268,0.5186721992
447016,4,0,0.26171,20.96,241,0.309,0.569,0.5975103734,0.262,0.5186721992
447016,1,0,0.26163,21.35,241,0.333,0.578,0.6141078838,0.284,0.5186721992
447016,2,0,0.26143,19.43,241,0.325,0.581,0.6307053942,0.266,0.5186721992
488001,5,0,0.35672,4.57,51,0.18,0.537,0.512,0.564,0.3725490196
488001,2,0,0.33719,7.32,51,0.213,0.571,0.497,0.515,0.3725490196
488001,4,0,0.33334,6.41,51,0.179,0.656,0.532,0.505,0.3725490196
488001,3,0,0.33207,6.37,51,0.172,0.635,0.505,0.494,0.3725490196
488001,1,0,0.32047,6.23,51,0.252,0.401,0.517,0.512,0.3725490196
518027,3,1,0.78211,1.44,33,0.119,0.859,0.683,0.833,0.2424242424
518027,2,1,0.77991,2.41,33,0.115,0.865,0.755,0.872,0.2424242424
518027,4,1,0.77963,2.36,33,0.116,0.867,0.758,0.885,0.2424242424
518027,1,1,0.73348,2.16,33,0.113,0.721,0.692,0.847,0.2424242424
518027,5,1,0.7125,3.17,33,0.117,0.814,0.666,0.835,0.2424242424
540001,1,1,0.57422,25.47,345,0.468,0.691,0.593,0.399,0.3971014493
540001,5,1,0.56848,27.63,345,0.497,0.697,0.614,0.408,0.3971014493
540001,2,1,0.56816,20.63,345,0.45,0.675,0.608,0.415,0.3971014493
540001,3,1,0.56784,24.89,345,0.482,0.658,0.625,0.428,0.3971014493
540001,4,1,0.56651,21.61,345,0.463,0.651,0.614,0.384,0.3971014493
543014,1,0,0.4714,13.08,63,0.334,0.728,0.587,0.479,0.5079365079
543014,2,0,0.47107,11.62,63,0.356,0.712,0.578,0.45,0.5079365079
543014,3,0,0.46979,12.49,63,0.342,0.709,0.564,0.461,0.5079365079
543014,4,0,0.46888,13.76,63,0.344,0.693,0.572,0.435,0.5079365079
543014,5,0,0.46687,12.37,63,0.337,0.728,0.617,0.473,0.5079365079
544003,2,1,0.51016,3.42,120,0.342,0.914,0.622,0.399,0.55
544003,4,1,0.50891,3.45,120,0.35,0.914,0.628,0.396,0.55
544003,5,1,0.50682,3.47,120,0.348,0.914,0.613,0.383,0.55
544003,3,0,0.45468,3.88,120,0.358,0.853,0.483,0.34,0.55
544003,1,0,0.4481,4.44,120,0.339,0.768,0.57,0.364,0.55
546001,4,0,0.47191,9.79,129,0.452,0.747,0.6899224806,0.48,0.3953488372
546001,5,0,0.47107,10.7,129,0.432,0.753,0.7751937984,0.505,0.3953488372
546001,2,0,0.46485,14.52,129,0.395,0.762,0.7519379845,0.56,0.3953488372
546001,1,0,0.46095,12.85,129,0.408,0.753,0.7829457364,0.524,0.3953488372
546001,3,0,0.45281,13.05,129,0.402,0.687,0.7596899225,0.431,0.3953488372
549001,3,0,0.2286,5.77,35,0.203,0.862,0.513,0.802,0.3714285714
549001,1,0,0.22859,5.81,35,0.193,0.872,0.48,0.754,0.3714285714
549001,4,0,0.22854,6.85,35,0.24,0.768,0.578,0.775,0.3714285714
549001,5,0,0.22851,5.71,35,0.227,0.878,0.446,0.762,0.3714285714
549001,2,0,0.2284,5.94,35,0.203,0.794,0.567,0.674,0.3714285714
550001,1,1,0.5882,7.3,108,0.629,0.914,0.673,0.538,0.3888888889
550001,2,1,0.58637,7.33,108,0.618,0.906,0.663,0.5,0.3888888889
550001,3,1,0.58497,7.43,108,0.646,0.942,0.673,0.521,0.3888888889
550001,4,1,0.58446,7.45,108,0.622,0.932,0.663,0.542,0.3888888889
550001,5,1,0.57975,7.72,108,0.618,0.88,0.663,0.547,0.3888888889
566001,4,0,0.25467,5.48,35,0.207,0.578,0.439,0.477,0.7142857143
566001,2,0,0.25333,5.42,35,0.201,0.445,0.447,0.422,0.7142857143
566001,5,0,0.21468,6.57,35,0.254,0.503,0.416,0.457,0.7142857143
566001,3,0,0.20165,4.9,35,0.185,0.47,0.387,0.439,0.7142857143
566001,1,0,0.19837,6.32,35,0.233,0.553,0.395,0.422,0.7142857143
621001,1,1,0.78735,2.63,113,0.598,0.917,0.61,0.546,0.5132743363
621001,3,1,0.78554,2.64,113,0.584,0.917,0.599,0.518,0.5132743363
621001,5,1,0.78507,2.44,113,0.611,0.925,0.606,0.546,0.5132743363
621001,2,1,0.78416,2.46,113,0.606,0.923,0.597,0.538,0.5132743363
621001,4,1,0.76841,3.02,113,0.585,0.903,0.577,0.492,0.5132743363
626001,2,1,0.73307,7.61,139,0.572,0.924,0.576,0.516,0.5251798561
626001,4,1,0.73237,7.2,139,0.582,0.944,0.563,0.497,0.5251798561
626001,1,1,0.73218,7.27,139,0.592,0.942,0.577,0.532,0.5251798561
626001,3,1,0.73005,7.13,139,0.599,0.942,0.583,0.516,0.5251798561
626001,5,1,0.72752,6.85,139,0.578,0.914,0.556,0.48,0.5251798561
628001,2,0,0.45458,7.74,39,0.232,0.802,0.442,0.516,0.3333333333
628001,5,0,0.45192,7.83,39,0.282,0.771,0.52,0.569,0.3333333333
628001,3,0,0.44812,7.95,39,0.236,0.732,0.526,0.594,0.3333333333
628001,4,0,0.43095,8.24,39,0.239,0.675,0.376,0.528,0.3333333333
628001,1,0,0.41993,7.01,39,0.234,0.629,0.527,0.54,0.3333333333
672001,1,1,0.8833,1.26,61,0.448,0.996,0.82,0.593,0.2459016393
672001,2,1,0.8807,1.25,61,0.447,0.996,0.819,0.596,0.2459016393
672001,5,1,0.87987,1.26,61,0.447,0.996,0.821,0.612,0.2459016393
672001,3,1,0.87933,1.23,61,0.458,0.99,0.758,0.526,0.2459016393
672001,4,1,0.87797,1.28,61,0.454,0.996,0.779,0.615,0.2459016393
673001,5,1,0.67362,3.09,104,0.326,0.908,0.6,0.521,0.3461538462
673001,3,1,0.66679,3.15,104,0.344,0.961,0.62,0.522,0.3461538462
673001,4,1,0.66199,3.23,104,0.341,0.961,0.624,0.568,0.3461538462
673001,2,1,0.65751,3.26,104,0.333,0.963,0.62,0.562,0.3461538462
673001,1,1,0.65679,3.32,104,0.338,0.945,0.613,0.565,0.3461538462
718013,1,0,0.47539,2.18,63,0.435,0.762,0.471,0.528,0.7301587302
718013,3,0,0.47294,2.19,63,0.44,0.751,0.49,0.486,0.7301587302
718013,5,0,0.4697,2.26,63,0.408,0.745,0.457,0.49,0.7301587302
718013,4,0,0.46913,2.27,63,0.337,0.732,0.45,0.454,0.7301587302
718013,2,0,0.46731,2.24,63,0.38,0.723,0.458,0.494,0.7301587302
718027,5,0,0.45963,7.63,41,0.245,0.829,0.561,0.545,0.3658536585
718027,1,0,0.45946,7.54,41,0.235,0.775,0.513,0.52,0.3658536585
718027,2,0,0.4587,7.63,41,0.235,0.827,0.57,0.542,0.3658536585
718027,3,0,0.45779,8.05,41,0.233,0.741,0.526,0.558,0.3658536585
718027,4,0,0.45127,8.15,41,0.241,0.701,0.526,0.544,0.3658536585
724001,3,0,0.44172,8.61,103,0.359,0.979,0.49,0.42,0.5145631068
724001,2,0,0.4413,8.57,103,0.36,0.981,0.501,0.417,0.5145631068
724001,5,0,0.44035,8.57,103,0.396,0.961,0.489,0.426,0.5145631068
724001,1,0,0.43849,8.62,103,0.379,0.981,0.497,0.414,0.5145631068
724001,4,0,0.43813,8.62,103,0.373,0.983,0.502,0.394,0.5145631068
748009,1,0,0.41025,5.07,56,0.632,0.974,0.68,0.7,0.4285714286
748009,2,0,0.40896,5.03,56,0.625,0.98,0.69,0.706,0.4285714286
748009,4,0,0.40741,5.05,56,0.629,0.969,0.679,0.714,0.4285714286
748009,3,0,0.40657,5.04,56,0.63,0.981,0.671,0.696,0.4285714286
748009,5,0,0.4063,5.05,56,0.623,0.981,0.681,0.684,0.4285714286
749003,4,0,0.2487,24.84,378,0.454,0.378,0.365,0.203,0.5846560847
749003,5,0,0.2477,22.97,378,0.46,0.419,0.375,0.213,0.5846560847
749003,1,0,0.23996,25.15,378,0.46,0.34,0.356,0.204,0.5846560847
749003,2,0,0.23807,24.18,378,0.454,0.433,0.366,0.21,0.5846560847
749003,3,0,0.23769,24.75,378,0.464,0.383,0.368,0.217,0.5846560847
749004,2,0,0.22775,7.43,33,0.14,0.354,0.286,0.476,0.4848484848
749004,3,0,0.18521,4.24,33,0.151,0.273,0.418,0.64,0.4848484848
749004,1,0,0.18403,6.76,33,0.124,0.339,0.373,0.576,0.4848484848
749004,5,0,0.18319,4.18,33,0.149,0.477,0.433,0.479,0.4848484848
749004,4,0,0.1831,6.94,33,0.143,0.497,0.366,0.67,0.4848484848
752001,2,0,0.16272,10.43,71,0.676,0.971,0.708,0.706,0.323943662
752001,3,0,0.1626,10.43,71,0.669,0.98,0.676,0.644,0.323943662
752001,5,0,0.16254,10.44,71,0.67,0.975,0.692,0.647,0.323943662
752001,1,0,0.16235,10.43,71,0.659,0.977,0.681,0.62,0.323943662
752001,4,0,0.16212,10.47,71,0.654,0.965,0.683,0.704,0.323943662
753001,1,0,0.17793,17.32,81,0.652,0.975,0.67,0.61,0.3703703704
753001,4,0,0.17681,17.3,81,0.659,0.98,0.664,0.633,0.3703703704
753001,2,0,0.17671,17.33,81,0.662,0.988,0.666,0.628,0.3703703704
753001,3,0,0.17628,17.3,81,0.662,0.988,0.672,0.592,0.3703703704
753001,5,0,0.17595,17.31,81,0.648,0.982,0.661,0.613,0.3703703704
753004,4,0,0.46718,5.64,69,0.654,0.958,0.711,0.621,0.3333333333
753004,3,0,0.46675,5.73,69,0.653,0.936,0.718,0.608,0.3333333333
753004,5,0,0.46611,5.66,69,0.637,0.956,0.706,0.594,0.3333333333
753004,2,0,0.46569,5.7,69,0.642,0.962,0.723,0.594,0.3333333333
753004,1,0,0.46259,5.69,69,0.658,0.94,0.717,0.632,0.3333333333
754001,5,0,0.27588,5.16,33,0.125,0.279,0.354,0.476,0.7575757576
754001,1,0,0.22196,13.67,33,0.215,0.398,0.38,0.406,0.7575757576
754001,4,0,0.22173,13.5,33,0.228,0.373,0.438,0.418,0.7575757576
754001,3,0,0.193,13.62,33,0.214,0.413,0.345,0.447,0.7575757576
754001,2,0,0.16815,13.71,33,0.235,0.389,0.42,0.465,0.7575757576
765002,1,0,0.43577,1.34,41,0.275,0.649,0.605,0.562,0.6829268293
765002,5,0,0.43575,1.31,41,0.249,0.601,0.511,0.517,0.6829268293
765002,2,0,0.43073,1.32,41,0.273,0.649,0.595,0.556,0.6829268293
765002,4,0,0.43007,1.31,41,0.293,0.652,0.624,0.526,0.6829268293
765002,3,0,0.41788,1.41,41,0.229,0.658,0.558,0.424,0.6829268293
771001,1,0,0.23604,13.58,71,0.352,0.531,0.439,0.398,0.5352112676
771001,4,0,0.23406,13.52,71,0.405,0.475,0.401,0.381,0.5352112676
771001,2,0,0.23292,13.57,71,0.373,0.508,0.481,0.399,0.5352112676
771001,3,0,0.17527,13.71,71,0.392,0.394,0.422,0.364,0.5352112676
771001,5,0,0.17296,13.43,71,0.458,0.302,0.415,0.403,0.5352112676
787001,4,0,0.32678,16.35,124,0.614,0.955,0.526,0.453,0.4274193548
787001,1,0,0.32586,16.34,124,0.603,0.957,0.56,0.463,0.4274193548
787001,3,0,0.32443,16.33,124,0.613,0.957,0.528,0.469,0.4274193548
787001,2,0,0.32415,16.32,124,0.621,0.961,0.563,0.484,0.4274193548
787001,5,0,0.32369,16.39,124,0.593,0.961,0.565,0.457,0.4274193548
791003,1,0,0.18223,6.36,26,0.129,0.471,0.255,0.457,0.7692307692
791003,4,0,0.17136,6.28,26,0.139,0.488,0.251,0.592,0.7692307692
791003,2,0,0.1406,7.48,26,0.119,0.418,0.193,0.546,0.7692307692
791003,5,0,0.12798,7.74,26,0.179,0.438,0.235,0.474,0.7692307692
791003,3,0,0.11042,7.8,26,0.16,0.446,0.234,0.502,0.7692307692
797001,4,0,0.17318,15.18,77,0.204,0.396,0.352,0.373,0.6753246753
797001,5,0,0.17104,14.62,77,0.24,0.492,0.346,0.424,0.6753246753
797001,2,0,0.16471,14.17,77,0.207,0.482,0.397,0.462,0.6753246753
797001,1,0,0.16305,16.07,77,0.251,0.45,0.36,0.448,0.6753246753
797001,3,0,0.15741,13.46,77,0.228,0.448,0.392,0.412,0.6753246753
806001,5,0,0.20054,13.13,73,0.498,0.989,0.708,0.576,0.2054794521
806001,2,0,0.20053,13.09,73,0.498,0.987,0.712,0.574,0.2054794521
806001,1,0,0.20046,13.13,73,0.51,0.989,0.712,0.59,0.2054794521
806001,4,0,0.19994,13.1,73,0.498,0.989,0.724,0.564,0.2054794521
806001,3,0,0.19987,13.15,73,0.501,0.988,0.712,0.558,0.2054794521
808001,5,0,0.17851,9.36,51,0.23,0.55,0.458,0.461,0.7058823529
808001,1,0,0.15887,9.71,51,0.231,0.567,0.461,0.488,0.7058823529
808001,4,0,0.15139,9.55,51,0.246,0.375,0.441,0.467,0.7058823529
808001,2,0,0.15065,8.69,51,0.232,0.418,0.472,0.452,0.7058823529
808001,3,0,0.13444,9.88,51,0.263,0.564,0.452,0.493,0.7058823529
808004,2,0,0.16105,6.75,93,0.202,0.533,0.446,0.305,0.8924731183
808004,3,0,0.13635,5.7,93,0.197,0.502,0.408,0.371,0.8924731183
808004,1,0,0.13618,6.89,93,0.234,0.547,0.52,0.317,0.8924731183
808004,5,0,0.12464,6.26,93,0.183,0.321,0.399,0.322,0.8924731183
808004,4,0,0.11166,6.95,93,0.183,0.541,0.353,0.306,0.8924731183
812001,5,1,0.60898,7.09,63,0.681,0.989,0.763,0.745,0.3492063492
812001,2,1,0.60736,7.12,63,0.684,0.99,0.758,0.774,0.3492063492
812001,3,1,0.60734,7.07,63,0.686,0.995,0.748,0.78,0.3492063492
812001,4,1,0.60728,7.09,63,0.683,0.995,0.744,0.779,0.3492063492
812001,1,1,0.60598,7.08,63,0.684,0.995,0.752,0.782,0.3492063492
815001,3,0,0.40277,12.07,206,0.377,0.508,0.545,0.292,0.6650485437
815001,2,0,0.40187,13.36,206,0.39,0.593,0.504,0.28,0.6650485437
815001,1,0,0.40015,13.41,206,0.363,0.564,0.521,0.276,0.6650485437
815001,4,0,0.39267,13.25,206,0.342,0.544,0.513,0.282,0.6650485437
815001,5,0,0.35989,13.61,206,0.326,0.434,0.529,0.231,0.6650485437
823001,1,0,0.41537,3.16,36,0.34,0.83,0.649,0.61,0.5
823001,2,0,0.41174,3.53,36,0.348,0.824,0.655,0.652,0.5
823001,5,0,0.40716,4.04,36,0.401,0.838,0.659,0.612,0.5
823001,3,0,0.40636,4.15,36,0.34,0.831,0.667,0.612,0.5
823001,4,0,0.40548,3.96,36,0.355,0.821,0.625,0.622,0.5
840004,2,0,0.38103,7.53,35,0.344,0.955,0.542,0.514,0.3428571429
840004,3,0,0.38016,7.7,35,0.359,0.966,0.585,0.54,0.3428571429
840004,4,0,0.38009,7.69,35,0.414,0.969,0.599,0.531,0.3428571429
840004,5,0,0.37958,7.55,35,0.386,0.964,0.571,0.55,0.3428571429
840004,1,0,0.3791,7.69,35,0.369,0.964,0.576,0.544,0.3428571429
850001,2,1,0.65883,3.9,116,0.566,0.888,0.594,0.502,0.4051724138
850001,4,1,0.65848,4.07,116,0.567,0.884,0.584,0.524,0.4051724138
850001,3,1,0.65768,4.02,116,0.57,0.888,0.585,0.479,0.4051724138
850001,1,1,0.6539,4.47,116,0.576,0.887,0.581,0.549,0.4051724138
850001,5,1,0.65286,4.53,116,0.569,0.879,0.606,0.55,0.4051724138
851001,3,0,0.26259,16.5,80,0.158,0.539,0.426,0.608,0.225
851001,1,0,0.26221,16.51,80,0.153,0.528,0.429,0.613,0.225
851001,4,0,0.19856,15.67,80,0.162,0.553,0.449,0.516,0.225
851001,5,0,0.19809,16.34,80,0.175,0.431,0.4,0.483,0.225
851001,2,0,0.19803,15.47,80,0.167,0.552,0.458,0.528,0.225
862001,3,0,0.24517,12.22,71,0.354,0.382,0.6901408451,0.372,0.7464788732
862001,5,0,0.23117,12.44,71,0.414,0.365,0.7042253521,0.361,0.7464788732
862001,2,0,0.22632,12.76,71,0.387,0.433,0.676056338,0.379,0.7464788732
862001,1,0,0.21976,12.39,71,0.305,0.453,0.7042253521,0.377,0.7464788732
862001,4,0,0.21405,12.9,71,0.39,0.32,0.6478873239,0.409,0.7464788732
863001,2,1,0.82596,1.6,72,0.633,0.964,0.65,0.648,0.3472222222
863001,5,1,0.81976,1.67,72,0.617,0.966,0.639,0.66,0.3472222222
863001,1,1,0.81845,1.72,72,0.629,0.961,0.649,0.652,0.3472222222
863001,3,1,0.81752,1.66,72,0.646,0.961,0.663,0.67,0.3472222222
863001,4,1,0.81201,1.77,72,0.634,0.95,0.663,0.67,0.3472222222
870001,2,1,0.52027,9.43,203,0.583,0.85,0.638,0.518,0.5221674877
870001,3,1,0.50443,10.57,203,0.585,0.868,0.63,0.558,0.5221674877
870001,1,1,0.50193,10.09,203,0.588,0.831,0.625,0.548,0.5221674877
870001,4,1,0.50098,9.96,203,0.572,0.862,0.639,0.552,0.5221674877
870001,5,0,0.49753,9.89,203,0.578,0.834,0.638,0.558,0.5221674877
876001,3,1,0.53806,6.7,100,0.352,0.867,0.598,0.454,0.33
876001,2,1,0.53227,6.93,100,0.343,0.838,0.586,0.486,0.33
876001,1,1,0.53045,6.37,100,0.362,0.87,0.591,0.452,0.33
876001,4,1,0.52866,6.82,100,0.326,0.791,0.596,0.477,0.33
876001,5,1,0.52833,6.44,100,0.366,0.862,0.612,0.462,0.33
902001,3,1,0.65396,12.91,101,0.633,0.951,0.677,0.654,0.3168316832
902001,4,1,0.65364,13.06,101,0.607,0.946,0.656,0.629,0.3168316832
902001,2,1,0.65301,13.05,101,0.631,0.957,0.683,0.654,0.3168316832
902001,5,1,0.65202,12.82,101,0.611,0.943,0.675,0.662,0.3168316832
902001,1,1,0.65115,13.09,101,0.615,0.943,0.673,0.658,0.3168316832
902002,1,1,0.63875,7.77,92,0.536,0.737,0.675,0.628,0.347826087
902002,4,1,0.61273,12.6,92,0.56,0.832,0.661,0.63,0.347826087
902002,3,1,0.61178,12.61,92,0.561,0.827,0.694,0.644,0.347826087
902002,2,1,0.6111,12.71,92,0.563,0.826,0.678,0.628,0.347826087
902002,5,1,0.59787,13.04,92,0.538,0.647,0.694,0.628,0.347826087
904001,2,1,0.66881,3.39,110,0.464,0.923,0.7,0.508,0.3363636364
904001,4,1,0.66786,3.37,110,0.449,0.919,0.6909090909,0.476,0.3363636364
904001,3,1,0.66574,3.39,110,0.477,0.92,0.7,0.498,0.3363636364
904001,5,1,0.65845,3.38,110,0.441,0.877,0.6818181818,0.492,0.3363636364
904001,1,1,0.64725,4.7,110,0.5,0.847,0.7,0.558,0.3363636364
908001,4,1,0.55549,3.73,46,0.469,0.706,0.746,0.652,0.3260869565
908001,1,1,0.55279,3.74,46,0.498,0.682,0.721,0.66,0.3260869565
908001,3,1,0.5522,3.39,46,0.499,0.735,0.749,0.656,0.3260869565
908001,2,1,0.54971,3.4,46,0.465,0.736,0.719,0.622,0.3260869565
908001,5,1,0.54861,4.49,46,0.473,0.759,0.761,0.642,0.3260869565
931002,4,0,0.15374,5.85,34,0.138,0.264,0.391,0.345,0.8235294118
931002,5,0,0.12219,6.54,34,0.208,0.189,0.373,0.405,0.8235294118
931002,2,0,0.11835,6.31,34,0.183,0.273,0.439,0.376,0.8235294118
931002,1,0,0.1177,6.71,34,0.151,0.304,0.376,0.385,0.8235294118
931002,3,0,0.11187,6.23,34,0.188,0.344,0.397,0.476,0.8235294118
958001,1,0,0.47987,15.27,123,0.428,0.987,0.593,0.371,0.4959349593
958001,5,0,0.47906,15.19,123,0.42,0.99,0.601,0.398,0.4959349593
958001,2,0,0.47731,15.48,123,0.419,0.985,0.544,0.39,0.4959349593
958001,4,0,0.47704,15.19,123,0.443,0.979,0.641,0.381,0.4959349593
958001,3,0,0.47621,15.45,123,0.404,0.986,0.603,0.388,0.4959349593
965003,1,1,0.80818,1.42,49,0.233,0.969,0.665,0.604,0.1632653061
965003,3,1,0.8067,1.4,49,0.28,0.989,0.729,0.845,0.1632653061
965003,2,1,0.80292,1.41,49,0.266,0.983,0.712,0.788,0.1632653061
965003,5,1,0.7992,1.44,49,0.268,0.99,0.741,0.836,0.1632653061
965003,4,1,0.79886,1.44,49,0.268,0.989,0.739,0.838,0.1632653061
966001,4,0,0.4119,3.08,23,0.174,0.664,0.813,0.818,0.2608695652
966001,2,0,0.41012,3.26,23,0.192,0.649,0.801,0.824,0.2608695652
966001,1,0,0.4085,2.74,23,0.154,0.775,0.799,0.822,0.2608695652
966001,5,0,0.40777,2.74,23,0.15,0.761,0.795,0.837,0.2608695652
966001,3,0,0.40767,2.74,23,0.15,0.776,0.793,0.818,0.2608695652
973003,2,0,0.44209,16.76,204,0.561,0.492,0.576,0.524,0.6029411765
973003,3,0,0.44183,15.73,204,0.551,0.496,0.567,0.512,0.6029411765
973003,5,0,0.4385,12.29,204,0.547,0.488,0.574,0.512,0.6029411765
973003,1,0,0.43772,17.78,204,0.549,0.505,0.558,0.515,0.6029411765
973003,4,0,0.42929,16.41,204,0.569,0.496,0.575,0.558,0.6029411765
978005,3,0,0.18553,32.11,466,0.298,0.083,0.188,0.172,0.5665236052
978005,1,0,0.16894,32.87,466,0.327,0.069,0.207,0.181,0.5665236052
978005,2,0,0.16807,27.63,466,0.336,0.081,0.236,0.187,0.5665236052
978005,5,0,0.16727,33.61,466,0.341,0.089,0.222,0.176,0.5665236052
978005,4,0,0.16376,35.83,466,0.327,0.075,0.218,0.172,0.5665236052
980001,2,1,0.78842,2.01,83,0.496,0.943,0.608,0.55,0.421686747
980001,4,1,0.77994,2.1,83,0.498,0.942,0.582,0.514,0.421686747
980001,5,1,0.77577,2.13,83,0.5,0.942,0.59,0.534,0.421686747
980001,3,1,0.77323,2.11,83,0.487,0.882,0.587,0.54,0.421686747
980001,1,1,0.77292,2.09,83,0.481,0.926,0.576,0.534,0.421686747
984001,3,1,0.52863,8.32,95,0.198,0.724,0.4,0.586,0.3684210526
984001,2,1,0.52071,9.48,95,0.227,0.68,0.412,0.562,0.3684210526
984001,1,1,0.51928,8.3,95,0.201,0.678,0.361,0.526,0.3684210526
984001,4,1,0.51914,8.53,95,0.214,0.725,0.37,0.536,0.3684210526
984001,5,1,0.51801,9.03,95,0.21,0.701,0.384,0.611,0.3684210526
986001,3,0,0.1488,10.63,28,0.273,0.741,0.292,0.522,0.6428571429
986001,1,0,0.1484,10.48,28,0.219,0.65,0.283,0.515,0.6428571429
986001,2,0,0.14804,10.74,28,0.314,0.741,0.312,0.495,0.6428571429
986001,5,0,0.14635,10.6,28,0.283,0.75,0.358,0.508,0.6428571429
986001,4,0,0.14185,8.48,28,0.287,0.407,0.326,0.508,0.6428571429
994005,1,0,0.13947,30.03,97,0.27,0.204,0.333,0.228,0.793814433
994005,4,0,0.13754,29.31,97,0.227,0.2,0.359,0.231,0.793814433
994005,2,0,0.13539,29.46,97,0.325,0.172,0.396,0.277,0.793814433
994005,5,0,0.13458,29.64,97,0.229,0.254,0.376,0.234,0.793814433
994005,3,0,0.13268,29.77,97,0.246,0.231,0.377,0.253,0.793814433
997004,3,0,0.33424,8.37,49,0.5,0.946,0.644,0.542,0.3469387755
997004,5,0,0.33335,8.39,49,0.504,0.95,0.64,0.526,0.3469387755
997004,4,0,0.32559,8.41,49,0.516,0.938,0.654,0.556,0.3469387755
997004,1,0,0.32524,8.44,49,0.536,0.898,0.665,0.55,0.3469387755
997004,2,0,0.32308,8.36,49,0.488,0.935,0.644,0.568,0.3469387755
999001,4,0,0.303,11.6,142,0.325,0.319,0.7253521127,0.288,0.5281690141
999001,3,0,0.27371,13.63,142,0.289,0.332,0.7253521127,0.275,0.5281690141
999001,2,0,0.264,12.05,142,0.359,0.317,0.7464788732,0.285,0.5281690141
999001,1,0,0.23421,15.67,142,0.38,0.329,0.7605633803,0.284,0.5281690141
999001,5,0,0.2325,14.24,142,0.349,0.34,0.7323943662,0.278,0.5281690141
1011001,3,1,0.66923,2.17,65,0.518,0.973,0.635,0.514,0.6461538462
1011001,2,1,0.66615,2.2,65,0.545,0.961,0.657,0.538,0.6461538462
1011001,1,1,0.66501,2.2,65,0.542,0.964,0.661,0.532,0.6461538462
1011001,5,1,0.66414,2.23,65,0.556,0.971,0.631,0.487,0.6461538462
1011001,4,1,0.65918,2.24,65,0.548,0.971,0.663,0.533,0.6461538462
1014001,5,0,0.21057,20.3,89,0.309,0.328,0.579,0.37,0.5393258427
1014001,1,0,0.21051,23.82,89,0.32,0.317,0.485,0.354,0.5393258427
1014001,2,0,0.2103,20.96,89,0.258,0.32,0.522,0.373,0.5393258427
1014001,4,0,0.20975,22.26,89,0.307,0.298,0.54,0.369,0.5393258427
1014001,3,0,0.20958,21.76,89,0.288,0.306,0.574,0.38,0.5393258427
1027001,4,0,0.3931,3.78,32,0.133,0.885,0.653,0.684,0.3125
1027001,3,0,0.38455,3.79,32,0.127,0.891,0.692,0.804,0.3125
1027001,2,0,0.38447,3.79,32,0.127,0.891,0.691,0.809,0.3125
1027001,5,0,0.35568,3.82,32,0.131,0.872,0.595,0.862,0.3125
1027001,1,0,0.2275,4.39,32,0.136,0.582,0.343,0.448,0.3125
1045001,3,1,0.50052,4.67,26,0.383,0.95,0.673,0.578,0.5
1045001,2,0,0.499,4.69,26,0.365,0.947,0.68,0.612,0.5
1045001,5,0,0.49891,4.71,26,0.365,0.941,0.623,0.613,0.5
1045001,4,0,0.49457,4.79,26,0.367,0.943,0.638,0.556,0.5
1045001,1,0,0.4821,4.93,26,0.411,0.917,0.634,0.538,0.5
1048004,5,1,0.69251,2.32,53,0.384,0.994,0.781,0.958,0.0566037736
1048004,4,1,0.69222,2.33,53,0.382,0.994,0.783,0.958,0.0566037736
1048004,3,1,0.69212,2.33,53,0.382,0.994,0.782,0.957,0.0566037736
1048004,1,1,0.69202,2.33,53,0.387,0.994,0.779,0.956,0.0566037736
1048004,2,1,0.68554,2.31,53,0.386,0.978,0.652,0.818,0.0566037736
1054001,1,1,0.65354,2.59,67,0.556,0.969,0.645,0.582,0.4029850746
1054001,5,1,0.64718,2.62,67,0.546,0.973,0.639,0.59,0.4029850746
1054001,2,1,0.64545,2.59,67,0.543,0.973,0.636,0.588,0.4029850746
1054001,4,1,0.64463,2.62,67,0.551,0.968,0.628,0.55,0.4029850746
1054001,3,1,0.6339,2.72,67,0.514,0.954,0.594,0.501,0.4029850746
1064001,3,0,0.27104,8.05,44,0.234,0.253,0.366,0.446,0.4772727273
1064001,2,0,0.26807,5.67,44,0.212,0.313,0.43,0.436,0.4772727273
1064001,5,0,0.26767,10.93,44,0.254,0.315,0.373,0.468,0.4772727273
1064001,1,0,0.26561,10.15,44,0.275,0.316,0.433,0.492,0.4772727273
1064001,4,0,0.24582,7.91,44,0.174,0.284,0.362,0.527,0.4772727273
1064003,5,0,0.409,7.29,31,0.445,0.976,0.762,0.892,0.2903225806
1064003,3,0,0.40109,7.34,31,0.445,0.975,0.795,0.906,0.2903225806
1064003,2,0,0.39781,7.02,31,0.424,0.969,0.661,0.748,0.2903225806
1064003,1,0,0.39547,7.19,31,0.443,0.98,0.795,0.906,0.2903225806
1064003,4,0,0.38935,6.9,31,0.447,0.961,0.789,0.88,0.2903225806
1068001,5,0,0.30935,15.01,119,0.394,0.712,0.367,0.306,0.6470588235
1068001,1,0,0.2341,14.08,119,0.415,0.591,0.352,0.304,0.6470588235
1068001,2,0,0.22019,17.88,119,0.364,0.717,0.382,0.314,0.6470588235
1068001,4,0,0.21506,14.07,119,0.395,0.722,0.369,0.307,0.6470588235
1068001,3,0,0.17999,16.79,119,0.418,0.694,0.367,0.309,0.6470588235
1070005,1,1,0.68808,3.69,79,0.496,0.942,0.685,0.603,0.2911392405
1070005,3,1,0.68704,4.13,79,0.473,0.974,0.656,0.594,0.2911392405
1070005,2,1,0.68571,4.15,79,0.471,0.975,0.654,0.626,0.2911392405
1070005,4,1,0.6842,4.12,79,0.5,0.97,0.661,0.598,0.2911392405
1070005,5,1,0.68175,4.06,79,0.462,0.968,0.654,0.564,0.2911392405
1082001,5,0,0.44489,7.88,47,0.471,0.95,0.494,0.569,0.4468085106
1082001,3,0,0.44448,7.82,47,0.471,0.953,0.516,0.562,0.4468085106
1082001,1,0,0.44326,7.78,47,0.484,0.954,0.569,0.542,0.4468085106
1082001,4,0,0.44245,7.85,47,0.454,0.937,0.504,0.586,0.4468085106
1082001,2,0,0.44065,7.67,47,0.492,0.943,0.53,0.543,0.4468085106
1096001,1,1,0.51971,11.23,179,0.479,0.93,0.635,0.49,0.374301676
1096001,5,1,0.51913,11.31,179,0.5,0.928,0.644,0.488,0.374301676
1096001,4,1,0.51503,11.21,179,0.47,0.924,0.624,0.46,0.374301676
1096001,2,1,0.51287,10.97,179,0.465,0.909,0.622,0.491,0.374301676
1096001,3,1,0.51086,11.32,179,0.49,0.905,0.639,0.495,0.374301676
1104001,3,0,0.16322,20.27,131,0.316,0.203,0.523,0.238,0.8625954198
1104001,2,0,0.14984,20.95,131,0.344,0.24,0.455,0.278,0.8625954198
1104001,5,0,0.14757,20.65,131,0.291,0.189,0.409,0.286,0.8625954198
1104001,1,0,0.14333,22.93,131,0.321,0.204,0.376,0.271,0.8625954198
1104001,4,0,0.13426,20.97,131,0.274,0.201,0.403,0.263,0.8625954198
1119004,3,0,0.06276,3.44,137,0.256,0.276,0.458,0.328,0.5766423358
1119004,1,0,0.06274,3.36,137,0.304,0.457,0.463,0.312,0.5766423358
1119004,5,0,0.06269,3.36,137,0.306,0.424,0.469,0.334,0.5766423358
1119004,4,0,0.06268,3.37,137,0.291,0.43,0.463,0.335,0.5766423358
1119004,2,0,0.06264,3.38,137,0.292,0.342,0.465,0.334,0.5766423358
1139013,1,0,0.42537,5.17,32,0.324,0.951,0.732,0.666,0.40625
1139013,4,0,0.42176,5.26,32,0.311,0.961,0.728,0.744,0.40625
1139013,2,0,0.41887,5.26,32,0.302,0.953,0.723,0.647,0.40625
1139013,3,0,0.41701,5.28,32,0.315,0.958,0.738,0.724,0.40625
1139013,5,0,0.4068,5.1,32,0.282,0.936,0.723,0.708,0.40625
1141001,5,0,0.38043,6.46,29,0.171,0.649,0.553,0.615,0.2068965517
1141001,2,0,0.37925,7.07,29,0.161,0.838,0.513,0.897,0.2068965517
1141001,3,0,0.37881,7.22,29,0.168,0.834,0.516,0.892,0.2068965517
1141001,4,0,0.37865,5.94,29,0.165,0.714,0.483,0.85,0.2068965517
1141001,1,0,0.26541,7.58,29,0.183,0.735,0.261,0.655,0.2068965517
1141003,2,1,0.77301,2.57,52,0.244,0.855,0.713,0.905,0.2307692308
1141003,3,1,0.77284,2.65,52,0.248,0.858,0.713,0.901,0.2307692308
1141003,1,1,0.77012,2.65,52,0.248,0.858,0.719,0.901,0.2307692308
1141003,4,1,0.74732,3.83,52,0.244,0.727,0.685,0.889,0.2307692308
1141003,5,1,0.73922,6.2,52,0.232,0.762,0.672,0.904,0.2307692308
1146001,5,0,0.43797,7.43,56,0.256,0.684,0.584,0.509,0.4107142857
1146001,2,0,0.43713,7.17,56,0.308,0.655,0.59,0.472,0.4107142857
1146001,3,0,0.43651,7.53,56,0.292,0.656,0.564,0.514,0.4107142857
1146001,4,0,0.43589,7.76,56,0.296,0.619,0.549,0.494,0.4107142857
1146001,1,0,0.42432,9.68,56,0.318,0.672,0.538,0.408,0.4107142857
1147001,4,0,0.27529,18.41,81,0.502,0.819,0.548,0.427,0.5061728395
1147001,1,0,0.26371,18.54,81,0.466,0.818,0.549,0.448,0.5061728395
1147001,3,0,0.24526,18.08,81,0.451,0.843,0.534,0.432,0.5061728395
1147001,5,0,0.24061,18.4,81,0.448,0.79,0.526,0.4,0.5061728395
1147001,2,0,0.21775,18.13,81,0.47,0.764,0.536,0.421,0.5061728395
1149001,5,0,0.10851,9.25,150,0.383,0.592,0.521,0.366,0.7
1149001,3,0,0.10843,10.19,150,0.37,0.26,0.433,0.371,0.7
1149001,1,0,0.10834,9.39,150,0.351,0.582,0.395,0.357,0.7
1149001,4,0,0.10823,9.24,150,0.359,0.52,0.414,0.345,0.7
1149001,2,0,0.10777,9.28,150,0.337,0.533,0.461,0.365,0.7
1155001,3,0,0.32419,8.7,60,0.242,0.634,0.343,0.512,0.2333333333
1155001,2,0,0.32363,10,60,0.278,0.747,0.337,0.544,0.2333333333
1155001,4,0,0.3226,9.96,60,0.252,0.706,0.345,0.54,0.2333333333
1155001,5,0,0.32249,9.91,60,0.25,0.71,0.318,0.441,0.2333333333
1155001,1,0,0.32198,9.87,60,0.266,0.741,0.34,0.534,0.2333333333
1201007,1,1,0.81579,1.92,88,0.422,0.951,0.603,0.557,0.3409090909
1201007,3,1,0.81405,1.99,88,0.434,0.947,0.617,0.568,0.3409090909
1201007,2,1,0.80961,2.1,88,0.439,0.939,0.61,0.59,0.3409090909
1201007,5,1,0.80848,1.99,88,0.425,0.942,0.608,0.56,0.3409090909
1201007,4,1,0.80124,2.13,88,0.436,0.944,0.607,0.602,0.3409090909
1248001,3,1,0.84647,2.12,125,0.629,0.971,0.689,0.625,0.488
1248001,5,1,0.84421,2.28,125,0.627,0.97,0.672,0.637,0.488
1248001,4,1,0.84338,2.21,125,0.624,0.975,0.664,0.607,0.488
1248001,1,1,0.84211,2.25,125,0.618,0.969,0.656,0.564,0.488
1248001,2,1,0.83974,2.36,125,0.628,0.969,0.666,0.582,0.488
1256001,2,0,0.27114,7.17,47,0.359,0,0.447,0.452,0.5106382979
1256001,5,0,0.24557,4.48,47,0.286,0,0.418,0.446,0.5106382979
1256001,1,0,0.24088,4.76,47,0.333,0,0.425,0.494,0.5106382979
1256001,3,0,0.22671,4.49,47,0.333,0,0.43,0.482,0.5106382979
1256001,4,0,0.2212,4.52,47,0.329,0,0.436,0.468,0.5106382979
1280001,5,1,0.51859,1.59,40,0.127,0,0.224,0.424,0.375
1280001,1,0,0.41542,3.28,40,0.108,0,0.262,0.398,0.375
1280001,2,0,0.27853,1.85,40,0.115,0,0.235,0.5,0.375
1280001,3,0,0.06865,3.22,40,0.115,0,0.252,0.522,0.375
1280001,4,0,0.06707,3.19,40,0.116,0,0.248,0.504,0.375
1285001,4,0,0.38847,9.62,122,0.611,0.92,0.615,0.565,0.4426229508
1285001,5,0,0.38802,9.68,122,0.612,0.921,0.631,0.531,0.4426229508
1285001,3,0,0.38772,9.71,122,0.617,0.927,0.632,0.58,0.4426229508
1285001,1,0,0.38685,9.74,122,0.616,0.927,0.649,0.566,0.4426229508
1285001,2,0,0.38684,9.94,122,0.593,0.919,0.618,0.494,0.4426229508
1293001,2,0,0.37202,3.44,120,0.36,0,0.422,0.295,0.825
1293001,3,0,0.32955,2.22,120,0.372,0,0.473,0.31,0.825
1293001,4,0,0.28998,3.15,120,0.389,0,0.43,0.311,0.825
1293001,1,0,0.25302,3.23,120,0.404,0,0.453,0.302,0.825
1293001,5,0,0.20158,3.74,120,0.407,0,0.436,0.293,0.825
1313001,5,1,0.51552,2.49,61,0.194,0.927,0.464,0.324,0.4098360656
1313001,3,1,0.5114,2.44,61,0.188,0.925,0.396,0.298,0.4098360656
1313001,2,0,0.49915,2.41,61,0.217,0.927,0.399,0.316,0.4098360656
1313001,4,0,0.49837,2.48,61,0.219,0.898,0.424,0.287,0.4098360656
1313001,1,0,0.48135,1.62,61,0.241,0.761,0.429,0.295,0.4098360656
1316001,1,1,0.7192,9.24,135,0.539,0.981,0.359,0.297,0.6148148148
1316001,4,1,0.71817,9.04,135,0.519,0.977,0.368,0.286,0.6148148148
1316001,5,1,0.71405,9.23,135,0.521,0.977,0.358,0.291,0.6148148148
1316001,2,1,0.71328,9.74,135,0.52,0.977,0.354,0.293,0.6148148148
1316001,3,1,0.71259,9.25,135,0.514,0.979,0.367,0.287,0.6148148148
1330001,5,0,0.15511,33.1,112,0.293,0.234,0.347,0.241,0.4642857143
1330001,4,0,0.1516,25.76,112,0.261,0.211,0.321,0.256,0.4642857143
1330001,1,0,0.14492,36.45,112,0.296,0.188,0.29,0.251,0.4642857143
1330001,2,0,0.14472,30.9,112,0.341,0.226,0.361,0.232,0.4642857143
1330001,3,0,0.14129,32.17,112,0.31,0.229,0.329,0.229,0.4642857143
1339001,5,0,0.17728,24.74,73,0.289,0.273,0.5547945205,0.233,0.7808219178
1339001,1,0,0.17642,21.57,73,0.403,0.226,0.5479452055,0.247,0.7808219178
1339001,3,0,0.16579,25.26,73,0.385,0.264,0.5068493151,0.243,0.7808219178
1339001,2,0,0.14502,22.3,73,0.322,0.189,0.5753424658,0.242,0.7808219178
1339001,4,0,0.14146,26.49,73,0.344,0.277,0.602739726,0.208,0.7808219178
1394003,1,0,0.48371,5.43,60,0.214,0.991,0.402,0.379,0.25
1394003,3,0,0.48303,5.42,60,0.219,0.991,0.408,0.413,0.25
1394003,2,0,0.4828,5.42,60,0.216,0.991,0.415,0.401,0.25
1394003,5,0,0.48202,5.42,60,0.22,0.991,0.42,0.373,0.25
1394003,4,0,0.47108,5.54,60,0.223,0.963,0.394,0.318,0.25
1424001,2,0,0.27326,8.24,117,0.555,0.791,0.394,0.31,0.3333333333
1424001,5,0,0.26312,8.56,117,0.566,0.788,0.393,0.358,0.3333333333
1424001,4,0,0.25836,8.99,117,0.567,0.801,0.394,0.314,0.3333333333
1424001,1,0,0.25172,8.95,117,0.549,0.784,0.37,0.275,0.3333333333
1424001,3,0,0.24908,8.74,117,0.56,0.798,0.38,0.318,0.3333333333
1427001,1,0,0.43942,12.94,102,0.457,0.912,0.402,0.24,0.3137254902
1427001,5,0,0.43821,13.02,102,0.477,0.913,0.415,0.296,0.3137254902
1427001,3,0,0.43752,12.8,102,0.428,0.898,0.415,0.263,0.3137254902
1427001,2,0,0.43595,13.02,102,0.452,0.891,0.431,0.304,0.3137254902
1427001,4,0,0.39537,12.92,102,0.423,0.841,0.388,0.266,0.3137254902
1428001,1,1,0.79431,2.02,80,0.57,0.877,0.432,0.367,0.3875
1428001,5,1,0.78734,2.06,80,0.605,0.887,0.442,0.351,0.3875
1428001,2,1,0.78705,2.77,80,0.591,0.9,0.436,0.368,0.3875
1428001,3,1,0.78547,2.43,80,0.598,0.89,0.436,0.373,0.3875
1428001,4,1,0.78124,2.71,80,0.585,0.898,0.445,0.377,0.3875
1436001,1,0,0.44531,4.49,65,0.365,0.992,0.316,0.31,0.3230769231
1436001,4,0,0.44402,4.47,65,0.37,0.992,0.324,0.307,0.3230769231
1436001,3,0,0.44193,4.55,65,0.358,0.992,0.316,0.296,0.3230769231
1436001,5,0,0.44096,4.52,65,0.383,0.99,0.307,0.307,0.3230769231
1436001,2,0,0.43981,4.57,65,0.364,0.988,0.322,0.315,0.3230769231
1437001,5,1,0.62209,3.61,66,0.302,0.974,0.432,0.34,0.2121212121
1437001,3,1,0.62111,3.68,66,0.284,0.978,0.414,0.318,0.2121212121
1437001,2,1,0.61897,3.59,66,0.306,0.973,0.427,0.316,0.2121212121
1437001,4,1,0.61735,3.95,66,0.33,0.963,0.389,0.322,0.2121212121
1437001,1,1,0.60842,3.94,66,0.302,0.958,0.421,0.338,0.2121212121
1438001,3,0,0.46387,7.34,67,0.333,0.753,0.392,0.309,0.2686567164
1438001,2,0,0.44657,7.25,67,0.327,0.791,0.383,0.316,0.2686567164
1438001,5,0,0.42192,6.77,67,0.293,0.841,0.398,0.323,0.2686567164
1438001,4,0,0.42086,6.78,67,0.29,0.849,0.404,0.348,0.2686567164
1438001,1,0,0.41534,6.77,67,0.331,0.84,0.398,0.328,0.2686567164
1438004,1,0,0.44178,4.03,67,0.382,0.944,0.6343283582,0.303,0.328358209
1438004,2,0,0.4414,4.02,67,0.389,0.945,0.6417910448,0.307,0.328358209
1438004,3,0,0.43009,4.17,67,0.348,0.949,0.6119402985,0.307,0.328358209
1438004,5,0,0.42747,4.27,67,0.39,0.946,0.6044776119,0.324,0.328358209
1438004,4,0,0.42657,4.21,67,0.395,0.954,0.6567164179,0.337,0.328358209
1450001,1,0,0.14847,18.88,318,0.38,0.231,0.273,0.161,0.5754716981
1450001,5,0,0.13858,19.2,318,0.352,0.23,0.299,0.162,0.5754716981
1450001,2,0,0.12959,17.35,318,0.362,0.197,0.305,0.154,0.5754716981
1450001,4,0,0.1226,17.95,318,0.379,0.232,0.309,0.168,0.5754716981
1450001,3,0,0.1152,21.62,318,0.307,0.208,0.258,0.131,0.5754716981
1452003,5,0,0.08636,23.63,93,0.232,0.132,0.293,0.221,0.5591397849
1452003,1,0,0.08276,22.84,93,0.274,0.157,0.347,0.24,0.5591397849
1452003,4,0,0.08268,24.36,93,0.258,0.141,0.37,0.25,0.5591397849
1452003,3,0,0.08215,22.62,93,0.239,0.158,0.351,0.244,0.5591397849
1452003,2,0,0.07775,24.34,93,0.268,0.141,0.328,0.264,0.5591397849
1456001,5,0,0.18548,17.3,115,0.588,0.554,0.369,0.344,0.4695652174
1456001,2,0,0.18509,17.23,115,0.58,0.552,0.362,0.342,0.4695652174
1456001,4,0,0.18502,17.04,115,0.588,0.543,0.383,0.368,0.4695652174
1456001,1,0,0.18394,17.06,115,0.59,0.556,0.385,0.346,0.4695652174
1456001,3,0,0.1838,17.23,115,0.607,0.552,0.335,0.338,0.4695652174
1467001,2,1,0.57849,3.36,80,0.58,0.987,0.413,0.489,0.225
1467001,5,1,0.57839,3.35,80,0.591,0.988,0.406,0.457,0.225
1467001,1,1,0.57674,3.37,80,0.593,0.986,0.391,0.461,0.225
1467001,4,1,0.57668,3.39,80,0.587,0.986,0.393,0.458,0.225
1467001,3,1,0.56886,3.36,80,0.556,0.967,0.356,0.411,0.225
1474001,1,1,0.82106,2.28,130,0.502,0.956,0.384,0.322,0.5307692308
1474001,2,1,0.81588,2.36,130,0.495,0.937,0.379,0.293,0.5307692308
1474001,4,1,0.81342,2.45,130,0.492,0.958,0.394,0.285,0.5307692308
1474001,5,1,0.81318,2.45,130,0.502,0.958,0.397,0.306,0.5307692308
1474001,3,1,0.80992,2.37,130,0.495,0.955,0.379,0.293,0.5307692308
1478006,4,0,0.14548,14.74,42,0.38,0.358,0.383,0.278,0.8333333333
1478006,5,0,0.11737,15.72,42,0.329,0.372,0.364,0.295,0.8333333333
1478006,2,0,0.11543,15.22,42,0.299,0.376,0.413,0.319,0.8333333333
1478006,3,0,0.11537,17.54,42,0.43,0.317,0.377,0.314,0.8333333333
1478006,1,0,0.11161,17.59,42,0.309,0.339,0.386,0.302,0.8333333333
1479001,4,0,0.22938,16.49,35,0.137,0.442,0.344,0.383,0.3142857143
1479001,3,0,0.2264,17.24,35,0.137,0.459,0.375,0.393,0.3142857143
1479001,5,0,0.22609,20.22,35,0.135,0.394,0.295,0.36,0.3142857143
1479001,1,0,0.22382,18.21,35,0.142,0.448,0.328,0.385,0.3142857143
1479001,2,0,0.22196,19.72,35,0.192,0.45,0.279,0.3,0.3142857143
1488004,4,1,0.59008,1.74,31,0.398,0.774,0.7096774194,0.353,0.4516129032
1488004,3,1,0.58266,2.06,31,0.421,0.722,0.6612903226,0.369,0.4516129032
1488004,2,1,0.57876,1.81,31,0.388,0.802,0.6451612903,0.378,0.4516129032
1488004,5,1,0.57759,1.8,31,0.399,0.778,0.6935483871,0.349,0.4516129032
1488004,1,1,0.57463,1.85,31,0.422,0.731,0.6451612903,0.368,0.4516129032
1498001,5,1,0.693,2.1,71,0.398,0.999,0.566,0.501,0.1267605634
1498001,3,1,0.69179,2.11,71,0.328,0.997,0.53,0.399,0.1267605634
1498001,2,1,0.69114,2.12,71,0.353,0.999,0.58,0.463,0.1267605634
1498001,4,1,0.68772,2.13,71,0.316,0.999,0.557,0.482,0.1267605634
1498001,1,1,0.68737,2.13,71,0.336,0.999,0.517,0.499,0.1267605634
1499001,1,1,0.749,2.62,78,0.377,0.937,0.538,0.45,0.0384615385
1499001,4,1,0.73775,2.41,78,0.373,0.91,0.556,0.491,0.0384615385
1499001,5,1,0.73119,2.62,78,0.363,0.951,0.561,0.39,0.0384615385
1499001,2,1,0.7295,2.57,78,0.374,0.946,0.598,0.499,0.0384615385
1499001,3,1,0.71121,2.71,78,0.379,0.942,0.584,0.382,0.0384615385
1500001,5,1,0.78244,1.67,64,0.369,0.966,0.563,0.47,0.0625
1500001,1,1,0.77817,1.66,64,0.337,0.957,0.579,0.407,0.0625
1500001,4,1,0.76597,2.08,64,0.37,0.905,0.558,0.39,0.0625
1500001,3,1,0.75312,1.85,64,0.385,0.954,0.542,0.308,0.0625
1500001,2,1,0.74614,1.85,64,0.383,0.96,0.57,0.306,0.0625
1501001,4,1,0.83125,1.35,69,0.322,0.982,0.452,0.466,0.0869565217
1501001,2,1,0.82971,1.36,69,0.367,0.985,0.456,0.339,0.0869565217
1501001,3,1,0.82914,1.43,69,0.309,0.972,0.492,0.434,0.0869565217
1501001,1,1,0.82913,1.37,69,0.32,0.982,0.476,0.46,0.0869565217
1501001,5,1,0.82453,1.49,69,0.327,0.976,0.472,0.436,0.0869565217
1503001,1,0,0.18292,20.74,74,0.3,0.116,0.475,0.34,0.0945945946
1503001,4,0,0.16962,18.11,74,0.326,0.108,0.466,0.5,0.0945945946
1503001,3,0,0.15496,23.64,74,0.311,0.1,0.475,0.512,0.0945945946
1503001,2,0,0.14492,18.56,74,0.326,0.113,0.485,0.342,0.0945945946
1503001,5,0,0.14443,22.61,74,0.307,0.106,0.45,0.51,0.0945945946
1512001,5,1,0.64363,3.45,53,0.479,0.927,0.464,0.339,0.4528301887
1512001,4,1,0.64221,4.16,53,0.467,0.844,0.451,0.338,0.4528301887
1512001,2,1,0.64153,3.18,53,0.478,0.9,0.42,0.372,0.4528301887
1512001,3,1,0.63972,3.5,53,0.492,0.912,0.483,0.35,0.4528301887
1512001,1,1,0.63705,3.57,53,0.485,0.918,0.45,0.354,0.4528301887
1524001,2,0,0.18308,18.28,41,0.135,0.413,0.6707317073,0.341,0.5365853659
1524001,4,0,0.17972,20.37,41,0.133,0.405,0.6951219512,0.349,0.5365853659
1524001,3,0,0.17338,19.05,41,0.13,0.402,0.6341463415,0.356,0.5365853659
1524001,1,0,0.17186,21.5,41,0.135,0.378,0.6341463415,0.352,0.5365853659
1524001,5,0,0.16349,20.87,41,0.13,0.321,0.6585365854,0.329,0.5365853659
1526006,2,1,0.7223,4.14,92,0.549,0.929,0.459,0.369,0.3586956522
1526006,1,1,0.7192,4.17,92,0.515,0.935,0.469,0.358,0.3586956522
1526006,3,1,0.71755,4.64,92,0.531,0.887,0.474,0.386,0.3586956522
1526006,5,1,0.71568,4.07,92,0.519,0.933,0.427,0.318,0.3586956522
1526006,4,1,0.71502,4.35,92,0.504,0.922,0.465,0.342,0.3586956522
1527001,3,0,0.18981,14.12,56,0.566,0.461,0.381,0.352,0.1607142857
1527001,1,0,0.18881,20.44,56,0.555,0.469,0.429,0.363,0.1607142857
1527001,5,0,0.18791,18.36,56,0.555,0.472,0.396,0.375,0.1607142857
1527001,4,0,0.18783,18.94,56,0.552,0.468,0.402,0.36,0.1607142857
1527001,2,0,0.18747,30.49,56,0.549,0.46,0.428,0.372,0.1607142857
1590001,3,0,0.48504,10.48,89,0.578,0.645,0.387,0.42,0.393258427
1590001,4,0,0.47695,9.47,89,0.562,0.634,0.379,0.386,0.393258427
1590001,5,0,0.47383,10.37,89,0.582,0.654,0.373,0.418,0.393258427
1590001,1,0,0.47278,10.45,89,0.576,0.65,0.374,0.406,0.393258427
1590001,2,0,0.46741,9.76,89,0.581,0.639,0.382,0.405,0.393258427
1593002,2,0,0.18263,38.63,140,0.347,0.243,0.372,0.231,0.5
1593002,4,0,0.17787,41.97,140,0.369,0.29,0.395,0.24,0.5
1593002,5,0,0.17628,42.19,140,0.376,0.289,0.388,0.233,0.5
1593002,3,0,0.17554,37.76,140,0.331,0.224,0.384,0.234,0.5
1593002,1,0,0.17509,42.23,140,0.361,0.291,0.381,0.264,0.5
1594001,3,0,0.25121,15.12,43,0.36,0.434,0.424,0.338,0.5348837209
1594001,2,0,0.2499,12.77,43,0.323,0.434,0.399,0.363,0.5348837209
1594001,1,0,0.24873,12.55,43,0.356,0.451,0.46,0.325,0.5348837209
1594001,4,0,0.24606,12.76,43,0.346,0.4,0.412,0.359,0.5348837209
1594001,5,0,0.24602,10.73,43,0.323,0.426,0.409,0.328,0.5348837209
1600001,1,0,0.28587,18.7,31,0.119,0.263,0.306,0.342,0.4193548387
1600001,4,0,0.25788,24.95,31,0.121,0.25,0.293,0.345,0.4193548387
1600001,3,0,0.25626,22.77,31,0.112,0.308,0.306,0.367,0.4193548387
1600001,2,0,0.25548,15.42,31,0.115,0.307,0.301,0.389,0.4193548387
1600001,5,0,0.25495,23.46,31,0.116,0.31,0.283,0.35,0.4193548387
1611002,2,0,0.09408,12.27,395,0.434,0.189,0.311,0.138,0.6050632911
1611002,4,0,0.09249,12.33,395,0.416,0.204,0.31,0.14,0.6050632911
1611002,5,0,0.09174,12.4,395,0.428,0.194,0.316,0.144,0.6050632911
1611002,1,0,0.09138,12.33,395,0.411,0.17,0.303,0.132,0.6050632911
1611002,3,0,0.09047,12.27,395,0.424,0.194,0.314,0.141,0.6050632911
1616001,5,0,0.37433,24.98,113,0.303,0.733,0.411,0.269,0.389380531
1616001,4,0,0.37382,24.47,113,0.323,0.678,0.399,0.276,0.389380531
1616001,1,0,0.3735,25.38,113,0.303,0.707,0.389,0.271,0.389380531
1616001,2,0,0.37112,24.76,113,0.329,0.724,0.39,0.284,0.389380531
1616001,3,0,0.36869,23.8,113,0.303,0.686,0.402,0.263,0.389380531
1658005,3,0,0.17004,33.17,216,0.429,0.392,0.444,0.175,0.5092592593
1658005,2,0,0.1687,31.76,216,0.438,0.417,0.435,0.181,0.5092592593
1658005,1,0,0.16827,32.21,216,0.405,0.362,0.44,0.168,0.5092592593
1658005,5,0,0.16815,33.78,216,0.408,0.325,0.426,0.172,0.5092592593
1658005,4,0,0.16792,31.39,216,0.389,0.338,0.429,0.176,0.5092592593
1747001,5,0,0.1848,28.33,86,0.276,0.315,0.393,0.322,0.3139534884
1747001,3,0,0.16186,36.8,86,0.276,0.318,0.396,0.349,0.3139534884
1747001,2,0,0.15258,30.26,86,0.294,0.294,0.425,0.32,0.3139534884
1747001,4,0,0.1395,27.36,86,0.302,0.323,0.389,0.328,0.3139534884
1747001,1,0,0.12851,25.13,86,0.272,0.287,0.385,0.315,0.3139534884
1832001,5,0,0.22293,10.23,82,0.391,0.641,0.7682926829,0.447,0.8292682927
1832001,2,0,0.21,10.27,82,0.376,0.633,0.7682926829,0.432,0.8292682927
1832001,1,0,0.1975,12.05,82,0.342,0.51,0.7926829268,0.426,0.8292682927
1832001,3,0,0.19291,11.71,82,0.368,0.408,0.7195121951,0.371,0.8292682927
1832001,4,0,0.1866,9.89,82,0.388,0.548,0.7682926829,0.41,0.8292682927
1841001,4,1,0.54293,4.36,51,0.344,0.579,0.4901960784,0.788,0.4509803922
1841001,3,1,0.53951,4.48,51,0.35,0.583,0.4705882353,0.813,0.4509803922
1841001,1,0,0.46461,8.96,51,0.297,0.487,0.431372549,0.728,0.4509803922
1841001,2,0,0.46266,6.35,51,0.295,0.591,0.4705882353,0.716,0.4509803922
1841001,5,0,0.43291,6.63,51,0.292,0.493,0.4705882353,0.746,0.4509803922
1870001,3,1,0.85002,2.06,81,0.427,0.965,0.705,0.507,0.3703703704
1870001,2,1,0.849,2.06,81,0.447,0.965,0.707,0.463,0.3703703704
1870001,1,1,0.84861,2.05,81,0.436,0.965,0.712,0.514,0.3703703704
1870001,5,1,0.8483,2.36,81,0.442,0.936,0.7,0.5,0.3703703704
1870001,4,1,0.84121,2.15,81,0.437,0.957,0.695,0.48,0.3703703704
1943001,2,0,0.11261,11.39,62,0.258,0.817,0.7096774194,0.554,0.5161290323
1943001,4,0,0.11245,11.27,62,0.298,0.809,0.7419354839,0.524,0.5161290323
1943001,1,0,0.10514,10.83,62,0.265,0.814,0.7258064516,0.542,0.5161290323
1943001,5,0,0.10509,11.04,62,0.35,0.771,0.8064516129,0.575,0.5161290323
1943001,3,0,0.10454,11.33,62,0.258,0.838,0.7419354839,0.426,0.5161290323
1951004,3,1,0.7752,1.74,70,0.587,0.948,0.695,0.657,0.2714285714
1951004,1,1,0.77464,1.77,70,0.617,0.968,0.715,0.646,0.2714285714
1951004,4,1,0.76688,1.84,70,0.617,0.968,0.712,0.634,0.2714285714
1951004,2,1,0.76584,1.78,70,0.596,0.954,0.694,0.656,0.2714285714
1951004,5,1,0.76339,1.88,70,0.625,0.962,0.736,0.668,0.2714285714
1971001,4,1,0.8509,2.44,181,0.594,0.92,0.559,0.446,0.5966850829
1971001,5,1,0.84875,2.45,181,0.589,0.898,0.559,0.41,0.5966850829
1971001,1,1,0.84765,2.45,181,0.595,0.927,0.568,0.425,0.5966850829
1971001,2,1,0.84745,2.44,181,0.605,0.925,0.567,0.432,0.5966850829
1971001,3,1,0.8473,2.49,181,0.607,0.911,0.56,0.443,0.5966850829
1996002,1,0,0.37623,3.72,30,0.387,0.98,0.593,0.677,0.6
1996002,2,0,0.37593,3.74,30,0.388,0.972,0.584,0.681,0.6
1996002,3,0,0.37582,3.72,30,0.385,0.981,0.579,0.681,0.6
1996002,5,0,0.37399,3.71,30,0.416,0.974,0.573,0.652,0.6
1996002,4,0,0.35612,3.73,30,0.392,0.952,0.652,0.613,0.6
2025001,1,0,0.184,11.65,105,0.64,0.953,0.707,0.554,0.2952380952
2025001,3,0,0.18368,11.62,105,0.64,0.955,0.698,0.552,0.2952380952
2025001,4,0,0.18306,11.62,105,0.645,0.952,0.69,0.52,0.2952380952
2025001,5,0,0.18301,11.61,105,0.649,0.948,0.685,0.532,0.2952380952
2025001,2,0,0.18176,11.6,105,0.628,0.957,0.667,0.532,0.2952380952
2033008,3,0,0.3297,31.27,956,0.396,0.13,0.449,0.185,0.4435146444
2033008,2,0,0.30827,23.03,956,0.321,0.116,0.163,0.119,0.4435146444
2033008,1,0,0.29459,32.72,956,0.366,0.129,0.145,0.16,0.4435146444
2033008,4,0,0.21417,32.66,956,0.292,0.1,0.144,0.108,0.4435146444
2033008,5,0,0.21402,30.93,956,0.296,0.101,0.209,0.116,0.4435146444
2049002,1,0,0.26067,7.6,56,0.325,0.494,0.621,0.474,0.3571428571
2049002,5,0,0.25328,7.69,56,0.359,0.701,0.552,0.484,0.3571428571
2049002,3,0,0.25308,7.64,56,0.37,0.779,0.647,0.453,0.3571428571
2049002,4,0,0.25058,7.66,56,0.363,0.791,0.629,0.452,0.3571428571
2049002,2,0,0.24788,7.59,56,0.347,0.796,0.63,0.464,0.3571428571
2071001,3,0,0.1414,19.3,81,0.318,0.882,0.472,0.528,0.5802469136
2071001,1,0,0.14055,19.34,81,0.327,0.877,0.492,0.55,0.5802469136
2071001,4,0,0.13879,19.28,81,0.327,0.883,0.503,0.596,0.5802469136
2071001,2,0,0.13679,19.29,81,0.335,0.866,0.503,0.516,0.5802469136
2071001,5,0,0.13624,19.14,81,0.321,0.833,0.478,0.498,0.5802469136
2109001,5,0,0.24541,10.42,60,0.306,0.414,0.433,0.443,0.55
2109001,2,0,0.22007,17.26,60,0.33,0.356,0.477,0.514,0.55
2109001,1,0,0.21334,18.4,60,0.342,0.64,0.498,0.477,0.55
2109001,3,0,0.21267,18.22,60,0.377,0.638,0.496,0.493,0.55
2109001,4,0,0.21193,18.35,60,0.347,0.636,0.473,0.503,0.55
2143003,5,1,0.60732,5.54,59,0.293,0.688,0.65,0.713,0.2711864407
2143003,3,1,0.55114,5.48,59,0.275,0.803,0.656,0.702,0.2711864407
2143003,2,1,0.55026,5.4,59,0.266,0.831,0.682,0.708,0.2711864407
2143003,1,1,0.53526,6.39,59,0.299,0.803,0.726,0.686,0.2711864407
2143003,4,1,0.53168,6.11,59,0.287,0.784,0.724,0.724,0.2711864407
2162001,4,0,0.34551,12.78,141,0.458,0.768,0.54,0.399,0.4822695035
2162001,2,0,0.34534,13.04,141,0.483,0.789,0.528,0.404,0.4822695035
2162001,5,0,0.34345,13.18,141,0.454,0.76,0.554,0.412,0.4822695035
2162001,3,0,0.34229,13.16,141,0.473,0.786,0.528,0.436,0.4822695035
2162001,1,0,0.34183,13.87,141,0.428,0.687,0.544,0.388,0.4822695035
2171002,4,0,0.2622,5.06,33,0.183,0.482,0.461,0.408,0.8181818182
2171002,5,0,0.25957,6.44,33,0.169,0.444,0.489,0.407,0.8181818182
2171002,3,0,0.25547,4.95,33,0.163,0.537,0.546,0.39,0.8181818182
2171002,2,0,0.25322,4.98,33,0.21,0.534,0.493,0.373,0.8181818182
2171002,1,0,0.2514,3.92,33,0.154,0.52,0.495,0.426,0.8181818182
2253001,1,0,0.25115,17.77,56,0.211,0.496,0.596,0.41,0.7142857143
2253001,3,0,0.24974,16.71,56,0.215,0.476,0.619,0.449,0.7142857143
2253001,2,0,0.24389,15.16,56,0.246,0.535,0.519,0.44,0.7142857143
2253001,4,0,0.24245,15.01,56,0.263,0.537,0.537,0.448,0.7142857143
2253001,5,0,0.24203,13.59,56,0.23,0.459,0.586,0.435,0.7142857143
2312001,5,0,0.19103,15.02,73,0.317,0.82,0.498,0.444,0.5342465753
2312001,1,0,0.18922,15.06,73,0.313,0.842,0.558,0.428,0.5342465753
2312001,4,0,0.18921,15.45,73,0.284,0.764,0.495,0.438,0.5342465753
2312001,2,0,0.18703,14.46,73,0.299,0.632,0.503,0.457,0.5342465753
2312001,3,0,0.18625,15.32,73,0.309,0.771,0.516,0.424,0.5342465753
2317001,2,0,0.27887,11.61,62,0.434,0.878,0.475,0.426,0.5967741935
2317001,4,0,0.2784,11.35,62,0.491,0.835,0.445,0.402,0.5967741935
2317001,5,0,0.27629,11.78,62,0.438,0.873,0.462,0.406,0.5967741935
2317001,3,0,0.27506,11.76,62,0.468,0.859,0.469,0.425,0.5967741935
2317001,1,0,0.27246,11.69,62,0.44,0.839,0.416,0.392,0.5967741935
2327008,2,1,0.54043,3.51,38,0.35,0.815,0.709,0.781,0.3947368421
2327008,5,1,0.53287,3.45,38,0.373,0.819,0.727,0.798,0.3947368421
2327008,3,1,0.53162,4.43,38,0.373,0.858,0.723,0.796,0.3947368421
2327008,1,1,0.53151,4.34,38,0.356,0.858,0.723,0.792,0.3947368421
2327008,4,1,0.52325,4.36,38,0.384,0.832,0.659,0.733,0.3947368421
2334001,3,0,0.30186,12.92,53,0.162,0.769,0.49,0.52,0.641509434
2334001,4,0,0.30087,13.04,53,0.168,0.759,0.48,0.493,0.641509434
2334001,1,0,0.29606,13.26,53,0.168,0.792,0.504,0.45,0.641509434
2334001,2,0,0.29588,13.25,53,0.163,0.807,0.493,0.432,0.641509434
2334001,5,0,0.29573,13.26,53,0.16,0.666,0.504,0.457,0.641509434
2340001,2,1,0.62221,6.47,92,0.552,0.958,0.577,0.555,0.5543478261
2340001,1,1,0.6197,6.46,92,0.547,0.955,0.588,0.56,0.5543478261
2340001,3,1,0.61779,6.47,92,0.587,0.96,0.589,0.576,0.5543478261
2340001,5,1,0.61745,6.45,92,0.564,0.962,0.588,0.536,0.5543478261
2340001,4,1,0.61325,6.5,92,0.575,0.959,0.592,0.566,0.5543478261
2340007,2,0,0.41377,10.45,106,0.538,0.855,0.52,0.492,0.5660377358
2340007,5,0,0.41113,10.46,106,0.537,0.844,0.533,0.495,0.5660377358
2340007,4,0,0.40305,10.63,106,0.551,0.851,0.557,0.492,0.5660377358
2340007,1,0,0.39724,10.5,106,0.542,0.834,0.532,0.462,0.5660377358
2340007,3,0,0.39548,10.29,106,0.548,0.804,0.539,0.484,0.5660377358
2386001,2,0,0.1405,39.66,358,0.247,0.127,0.45,0.175,0.8715083799
2386001,3,0,0.1252,40.53,358,0.28,0.097,0.432,0.188,0.8715083799
2386001,5,0,0.12434,42.05,358,0.275,0.137,0.406,0.193,0.8715083799
2386001,1,0,0.12337,42.8,358,0.288,0.129,0.471,0.194,0.8715083799
2386001,4,0,0.11433,38.75,358,0.274,0.103,0.496,0.194,0.8715083799
2476007,3,0,0.18706,13.27,229,0.482,0.948,0.474,0.431,0.5240174672
2476007,4,0,0.15604,13.65,229,0.466,0.936,0.505,0.408,0.5240174672
2476007,1,0,0.14353,16.77,229,0.462,0.935,0.447,0.413,0.5240174672
2476007,5,0,0.13447,14.2,229,0.477,0.941,0.493,0.415,0.5240174672
2476007,2,0,0.13289,15.61,229,0.47,0.949,0.506,0.424,0.5240174672
2477005,4,1,0.64072,13.89,353,0.394,0.782,0.621,0.349,0.3087818697
2477005,1,1,0.64048,14.03,353,0.397,0.798,0.614,0.356,0.3087818697
2477005,3,1,0.63456,14.06,353,0.408,0.827,0.644,0.426,0.3087818697
2477005,2,1,0.60938,14.34,353,0.39,0.782,0.619,0.366,0.3087818697
2477005,5,1,0.59636,14.29,353,0.39,0.768,0.632,0.396,0.3087818697
2481002,3,0,0.17832,28.27,751,0.384,0.377,0.49,0.184,0.5086551265
2481002,1,0,0.17414,29.41,751,0.377,0.38,0.512,0.183,0.5086551265
2481002,2,0,0.1728,25.47,751,0.362,0.362,0.224,0.142,0.5086551265
2481002,4,0,0.17276,30.26,751,0.391,0.378,0.488,0.198,0.5086551265
2481002,5,0,0.17092,27.39,751,0.413,0.376,0.443,0.202,0.5086551265
2483001,5,1,0.5568,12.7,426,0.624,0.785,0.657,0.473,0.4272300469
2483001,3,1,0.55178,12.66,426,0.604,0.817,0.67,0.456,0.4272300469
2483001,4,1,0.54482,13.18,426,0.605,0.8,0.657,0.461,0.4272300469
2483001,1,1,0.54023,12.44,426,0.612,0.798,0.667,0.456,0.4272300469
2483001,2,1,0.5272,13.19,426,0.604,0.696,0.641,0.478,0.4272300469
2484001,2,1,0.69075,5.04,244,0.443,0.935,0.539,0.432,0.237704918
2484001,5,1,0.68528,5.11,244,0.432,0.943,0.541,0.392,0.237704918
2484001,4,1,0.68456,5.3,244,0.424,0.926,0.522,0.404,0.237704918
2484001,3,1,0.6811,5.23,244,0.446,0.936,0.528,0.397,0.237704918
2484001,1,1,0.67873,5.2,244,0.43,0.919,0.524,0.381,0.237704918
2486001,2,1,0.73937,3.82,204,0.552,0.537,0.536,0.391,0.4852941176
2486001,5,1,0.73468,3.71,204,0.529,0.498,0.54,0.371,0.4852941176
2486001,4,1,0.72362,4.42,204,0.525,0.636,0.521,0.354,0.4852941176
2486001,3,1,0.70566,4.86,204,0.547,0.654,0.525,0.354,0.4852941176
2486001,1,1,0.67243,5.09,204,0.518,0.628,0.533,0.392,0.4852941176
2487001,2,0,0.20346,3.46,288,0.311,0,0.358,0.25,0.4340277778
2487001,4,0,0.20243,4.42,288,0.372,0,0.491,0.214,0.4340277778
2487001,5,0,0.20052,3.74,288,0.316,0,0.343,0.242,0.4340277778
2487001,1,0,0.18161,3.77,288,0.366,0,0.363,0.252,0.4340277778
2487001,3,0,0.14342,3.48,288,0.35,0,0.477,0.218,0.4340277778
2487002,3,0,0.23273,4.55,206,0.399,0,0.37,0.334,0.4563106796
2487002,2,0,0.21084,4.57,206,0.406,0,0.416,0.356,0.4563106796
2487002,5,0,0.14439,4.66,206,0.36,0,0.395,0.327,0.4563106796
2487002,4,0,0.12694,4.72,206,0.377,0,0.403,0.334,0.4563106796
2487002,1,0,0.11448,4.65,206,0.404,0,0.421,0.328,0.4563106796
2490001,5,1,0.64103,5.96,214,0.551,0.868,0.519,0.429,0.4485981308
2490001,2,1,0.64071,5.98,214,0.543,0.894,0.519,0.419,0.4485981308
2490001,3,1,0.63783,5.99,214,0.547,0.888,0.52,0.43,0.4485981308
2490001,4,1,0.63645,5.95,214,0.566,0.877,0.526,0.438,0.4485981308
2490001,1,1,0.63465,6.01,214,0.534,0.877,0.517,0.399,0.4485981308
2493001,5,0,0.26172,19.42,217,0.491,0.234,0.363,0.257,0.6267281106
2493001,2,0,0.25719,19.39,217,0.453,0.259,0.365,0.245,0.6267281106
2493001,3,0,0.24996,19.19,217,0.498,0.239,0.328,0.247,0.6267281106
2493001,1,0,0.23197,17.83,217,0.368,0.201,0.331,0.212,0.6267281106
2493001,4,0,0.23134,22.61,217,0.494,0.201,0.355,0.248,0.6267281106
2493003,5,0,0.42673,11.93,30,0.19,0.967,0.462,0.538,0.2666666667
2493003,1,0,0.42503,11.88,30,0.199,0.959,0.455,0.562,0.2666666667
2493003,3,0,0.4203,11.83,30,0.226,0.966,0.461,0.588,0.2666666667
2493003,4,0,0.40912,11.91,30,0.198,0.963,0.375,0.515,0.2666666667
2493003,2,0,0.40715,11.85,30,0.197,0.966,0.412,0.549,0.2666666667
2496001,4,0,0.41942,17.89,220,0.578,0.811,0.606,0.51,0.3681818182
2496001,5,0,0.41857,16.07,220,0.574,0.819,0.628,0.524,0.3681818182
2496001,1,0,0.41309,14.7,220,0.577,0.809,0.621,0.522,0.3681818182
2496001,2,0,0.41239,16.74,220,0.573,0.81,0.644,0.552,0.3681818182
2496001,3,0,0.40699,17.94,220,0.576,0.823,0.61,0.531,0.3681818182
2497001,5,0,0.34778,2.29,226,0.399,0,0.6061946903,0.338,0.4159292035
2497001,1,0,0.32882,2.21,226,0.391,0,0.6283185841,0.36,0.4159292035
2497001,2,0,0.32267,2.21,226,0.373,0,0.6327433628,0.331,0.4159292035
2497001,3,0,0.10031,2.95,226,0.38,0,0.6504424779,0.324,0.4159292035
2497001,4,0,0.09103,3.69,226,0.384,0,0.6327433628,0.354,0.4159292035
2502001,1,0,0.29595,14.68,238,0.594,0.931,0.585,0.494,0.3697478992
2502001,2,0,0.29515,14.71,238,0.592,0.922,0.601,0.543,0.3697478992
2502001,4,0,0.29466,14.75,238,0.585,0.925,0.595,0.51,0.3697478992
2502001,5,0,0.29385,14.65,238,0.586,0.933,0.604,0.497,0.3697478992
2502001,3,0,0.29293,14.71,238,0.582,0.94,0.6,0.534,0.3697478992
2504003,2,0,0.30062,17.96,256,0.328,0.383,0.515,0.359,0.34765625
2504003,5,0,0.27711,16.62,256,0.308,0.486,0.533,0.366,0.34765625
2504003,1,0,0.27533,16.63,256,0.308,0.467,0.534,0.361,0.34765625
2504003,3,0,0.26073,17.71,256,0.326,0.388,0.513,0.343,0.34765625
2504003,4,0,0.25236,21.41,256,0.29,0.26,0.488,0.325,0.34765625
2507001,3,1,0.53593,9.82,283,0.505,0.602,0.413,0.289,0.4982332155
2507001,4,1,0.52932,10.37,283,0.488,0.605,0.414,0.285,0.4982332155
2507001,5,1,0.52399,10.45,283,0.505,0.592,0.408,0.306,0.4982332155
2507001,1,1,0.51223,10.01,283,0.509,0.558,0.384,0.281,0.4982332155
2507001,2,1,0.50686,10.8,283,0.496,0.597,0.395,0.291,0.4982332155
2508001,2,0,0.18118,27.84,282,0.347,0.321,0.448,0.326,0.5992907801
2508001,4,0,0.17169,23.1,282,0.352,0.323,0.423,0.322,0.5992907801
2508001,3,0,0.16793,23.57,282,0.371,0.318,0.455,0.335,0.5992907801
2508001,5,0,0.16373,24.02,282,0.33,0.321,0.383,0.327,0.5992907801
2508001,1,0,0.16245,22.74,282,0.352,0.316,0.446,0.321,0.5992907801
2518001,4,1,0.68774,9.49,224,0.474,0.739,0.638,0.52,0.3928571429
2518001,2,1,0.68607,9.81,224,0.468,0.747,0.64,0.472,0.3928571429
2518001,1,1,0.67855,12.41,224,0.463,0.743,0.61,0.492,0.3928571429
2518001,5,1,0.67644,7.85,224,0.481,0.737,0.624,0.448,0.3928571429
2518001,3,1,0.67593,11.49,224,0.458,0.735,0.609,0.516,0.3928571429
2519001,5,0,0.13876,15.95,301,0.558,0.742,0.6212624585,0.416,0.3920265781
2519001,4,0,0.13238,15.32,301,0.56,0.691,0.6445182724,0.46,0.3920265781
2519001,2,0,0.13201,15.88,301,0.567,0.754,0.6179401993,0.442,0.3920265781
2519001,3,0,0.12964,15.7,301,0.568,0.768,0.6212624585,0.442,0.3920265781
2519001,1,0,0.12854,15.56,301,0.557,0.745,0.6212624585,0.444,0.3920265781
2521009,4,0,0.42136,6.62,86,0.374,0.96,0.621,0.471,0.3604651163
2521009,3,0,0.42122,6.55,86,0.373,0.967,0.624,0.46,0.3604651163
2521009,2,0,0.41992,6.55,86,0.369,0.972,0.618,0.466,0.3604651163
2521009,1,0,0.41892,6.61,86,0.374,0.956,0.627,0.5,0.3604651163
2521009,5,0,0.41743,6.67,86,0.366,0.969,0.629,0.497,0.3604651163
2528001,4,0,0.43203,12.43,310,0.587,0.877,0.575,0.422,0.4451612903
2528001,1,0,0.43129,12.25,310,0.59,0.866,0.576,0.441,0.4451612903
2528001,2,0,0.43101,12.56,310,0.577,0.847,0.578,0.443,0.4451612903
2528001,5,0,0.42971,12.18,310,0.58,0.854,0.577,0.448,0.4451612903
2528001,3,0,0.427,12.5,310,0.576,0.875,0.562,0.384,0.4451612903
2530002,3,1,0.63446,7.38,788,0.382,0.406,0.6281725888,0.204,0.5939086294
2530002,4,1,0.62181,7.7,788,0.458,0.452,0.6078680203,0.228,0.5939086294
2530002,2,1,0.58649,9,788,0.446,0.463,0.6459390863,0.214,0.5939086294
2530002,1,1,0.55815,10.35,788,0.442,0.442,0.6192893401,0.208,0.5939086294
2530002,5,1,0.52942,19.83,788,0.448,0.413,0.6294416244,0.199,0.5939086294
2536002,2,1,0.57439,2.34,33,0.307,0.973,0.57,0.608,0.3939393939
2536002,5,1,0.57112,2.43,33,0.304,0.978,0.544,0.58,0.3939393939
2536002,4,1,0.56996,2.38,33,0.327,0.98,0.597,0.616,0.3939393939
2536002,1,1,0.56988,2.51,33,0.283,0.979,0.575,0.602,0.3939393939
2536002,3,1,0.56632,2.42,33,0.332,0.979,0.605,0.628,0.3939393939
2772028,1,0,0.39679,10.21,223,0.392,0.278,0.306,0.255,0.6143497758
2772028,3,0,0.35773,13.32,223,0.34,0.365,0.324,0.249,0.6143497758
2772028,4,0,0.33747,12.43,223,0.401,0.291,0.308,0.249,0.6143497758
2772028,2,0,0.28623,14.28,223,0.36,0.344,0.294,0.249,0.6143497758
2772028,5,0,0.27877,14.09,223,0.357,0.349,0.295,0.242,0.6143497758
2879007,2,0,0.22669,22.67,260,0.4,0.189,0.257,0.225,0.5269230769
2879007,3,0,0.19754,21.91,260,0.401,0.188,0.27,0.224,0.5269230769
2879007,5,0,0.18435,23.84,260,0.389,0.263,0.282,0.24,0.5269230769
2879007,4,0,0.18263,22.85,260,0.384,0.276,0.24,0.224,0.5269230769
2879007,1,0,0.18138,22.82,260,0.353,0.298,0.264,0.22,0.5269230769
2879009,2,0,0.19914,13.16,138,0.331,0.851,0.488,0.324,0.4565217391
2879009,4,0,0.19887,13.14,138,0.331,0.832,0.444,0.301,0.4565217391
2879009,5,0,0.19735,12.97,138,0.356,0.82,0.499,0.292,0.4565217391
2879009,3,0,0.19725,13.04,138,0.346,0.873,0.513,0.322,0.4565217391
2879009,1,0,0.1971,13.15,138,0.351,0.879,0.488,0.306,0.4565217391
