modelID,RMSD,lddt,pcons,proq4,dan,seqlength,tmalign
DP00005r001_1,29.16,0.5273,0.319,0.299,0.384,107,0.20006
DP00006r005_1,4.26,0.5059,0.837,0.529,0.49,104,0.67848
DP00011r006_1,4.91,0.3835,0.778,0.293,0.448,46,0.48194
DP00015r006_1,4.01,0.6012,0.875,0.252,0.49,76,0.4115
DP00016r001_1,6.46,0.4846,0.781,0.354,0.303,164,0.56181
DP00017r001_1,25.14,0.3308,0.432,0.242,0.224,316,0.29502
DP00018r011_1,17.37,0.5729,0.435,0.366,0.271,198,0.39159
DP00026r001_1,8.21,0.3528,0.918,0.256,0.651,40,0.36782
DP00026r005_1,9.39,0.4338,0.929,0.36,0.52,65,0.4294
DP00027r002_1,10.38,0.5627,0.923,0.451,0.602,57,0.35523
DP00033r001_1,4.1,0.1936,0.601,0.317,0.192,351,0.42659
DP00037r002_1,11.29,0.5692,0.665,0.308,0.526,54,0.32315
DP00041r001_1,16.87,0.4688,0.483,0.539,0.491,204,0.41244
DP00048r020_1,4.05,0.4972,0.478,0.274,0.453,39,0.33772
DP00048r023_1,15.36,0.1264,0.628,0.233,0.362,83,0.1034
DP00052r001_1,14.15,0.4122,0.506,0.449,0.297,285,0.38725
DP00053r001_1,7.99,0.1974,0.843,0.522,0.705,101,0.20569
DP00055r002_1,4.68,0.4473,0.91,0.643,0.592,73,0.68043
DP00063r001_1,17.67,0.1864,0.886,0.209,0.874,50,0.24196
DP00065r004_1,25.07,0.07686,0.254,0.519,0.304,555,0.24237
DP00068r001_1,7.19,0.4,0,0.426,0.541,206,0.12838
DP00070r001_1,20.82,0.2462,0.941,0.216,0.462,140,0.10955
DP00075r005_1,2.08,0.7469,0.959,0.438,0.836,77,0.83182
DP00076r002_1,6.77,0.4743,0.967,0.284,0.486,48,0.28253
DP00081r001_1,14.2,0.1627,0.505,0.248,0.469,67,0.25379
DP00082r001_1,10.79,0.2377,0.823,0.433,0.382,98,0.25756
DP00083r001_1,2.59,0.7343,0.943,0.344,0.93,57,0.76517
DP00084r006_1,0.3,0.3705,0.833,0.285,0.46,58,0.2985
DP00085r001_1,9.26,0.6255,0.823,0.432,0.375,124,0.46501
DP00086r009_1,6.03,0.2819,0.851,0.279,0.446,74,0.52322
DP00086r015_1,8.44,0.4513,0.915,0.228,0.441,93,0.27727
DP00088r001_1,11.85,0.3302,0.744,0.311,0.489,111,0.29484
DP00088r003_1,5.5,0.6989,0.678,0.217,0.552,51,0.5797
DP00091r001_1,20.95,0.1363,0.567,0.401,0.531,84,0.17723
DP00091r003_1,2.82,0.6795,0.603,0.508,0.624,85,0.42152
DP00094r001_1,4.29,0.4589,0,0.14,0.484,71,0.2109
DP00111r001_1,12.43,0.1646,0.272,0.159,0.359,58,0.18053
DP00113r001_1,4.29,0.5942,0.91,0.284,0.728,93,0.58143
DP00116r001_1,5.47,0.4995,0.658,0.247,0.513,49,0.40284
DP00123r001_1,7.38,0.3472,0.892,0.356,0.848,61,0.39017
DP00128r001_1,7.41,0.203,0,0.385,0.602,251,0.17573
DP00132r006_1,9.5,0.5922,0.88,0.598,0.453,395,0.58497
DP00133r025_1,3.92,0.8431,0.116,0.369,0.222,300,0.10015
DP00134r001_1,9.55,0.0231,0.774,0.392,0.378,142,0.18322
DP00136r008_1,2.16,0.3474,0.97,0.52,0.628,89,0.78636
DP00138r010_1,0.18,0.2224,0,0.286,0.375,77,0.88949
DP00140r001_1,4.42,0.6965,0.834,0.505,0.543,85,0.73539
DP00141r001_1,2.74,0.425,0.986,0.507,0.494,89,0.67056
DP00163r001_1,28.23,0.117,0.573,0.506,0.354,265,0.15528
DP00164r001_1,2.38,0.5418,0.996,0.425,0.437,106,0.75052
DP00173r001_1,1.7,0.4578,0.975,0.513,0.449,116,0.82294
DP00174r001_1,19.43,0.6798,0.764,0.415,0.482,149,0.48936
DP00175r021_1,17.57,0.5139,0.456,0.234,0.311,130,0.2776
DP00179r001_1,0.83,0.888,0.914,0.213,0.613,68,0.70069
DP00184r001_1,5.12,0.2806,0.808,0.249,0.598,45,0.48686
DP00184r004_1,7.24,0.6966,0.786,0.502,0.553,110,0.64231
DP00186r001_1,23.29,0.2071,0.985,0.485,0.666,143,0.33902
DP00190r001_1,2.22,0.65,0.974,0.602,0.562,173,0.84183
DP00191r001_1,3.21,0.3299,0.905,0.52,0.392,90,0.62078
DP00193r001_1,4.03,0.2877,0.926,0.549,0.427,178,0.80545
DP00196r001_1,25.44,0.4971,0.535,0.313,0.412,141,0.22859
DP00200r003_1,2.67,0.6641,0.943,0.134,0.848,33,0.68989
DP00201r001_1,21.01,0.631,0.96,0.419,0.524,76,0.39049
DP00205r001_1,1.93,0.759,0.977,0.499,0.572,117,0.91113
DP00207r007_1,6.39,0.493,0.28,0.255,0.151,564,0.14213
DP00218r001_1,15.21,0.6536,0.505,0.596,0.515,299,0.44451
DP00222r001_1,33.47,0.107,0.084,0.233,0.086,720,0.14228
DP00242r001_1,3.39,0.7354,0.976,0.608,0.631,83,0.73916
DP00249r001_1,14.32,0.287,0.985,0.663,0.56,59,0.26663
DP00250r010_1,6.35,0.2392,0.829,0.516,0.372,194,0.66317
DP00251r001_1,10.02,0.3405,0.244,0.263,0.163,432,0.28547
DP00262r006_1,7.46,0.5685,0.451,0.287,0.459,51,0.35128
DP00296r001_1,5.28,0.4249,0.928,0.247,0.433,38,0.30742
DP00307r003_1,13.51,0.2061,0.271,0.19,0.53,36,0.25249
DP00333r001_1,18.91,0.6867,0.71,0.497,0.333,417,0.66163
DP00340r001_1,2.1,0.2539,0.982,0.64,0.609,137,0.84658
DP00341r001_1,4.65,0.6698,0.223,0.243,0.329,118,0.16236
DP00343r001_1,7.9,0.5975,0.84,0.272,0.456,71,0.29643
DP00348r008_1,4.2,0.5576,0.957,0.514,0.698,60,0.52642
DP00365r001_1,9.4,0.2145,0.975,0.676,0.695,129,0.60754
DP00382r003_1,3.74,0.5088,0.986,0.351,0.764,24,0.50712
DP00387r001_1,2.61,0.4862,0.948,0.564,0.592,116,0.80009
DP00410r008_1,1.2,0.1866,0.37,0.146,0.472,36,0.24521
DP00423r001_1,4.22,0.6113,0.963,0.59,0.584,88,0.71591
DP00427r002_1,3.73,0.272,0.844,0.383,0.564,55,0.50851
DP00447r016_1,21.35,0.3558,0.578,0.333,0.284,241,0.26163
DP00463r004_1,14.58,0.1961,0.817,0.494,0.472,82,0.34188
DP00468r001_1,9.47,0.5134,0,0.208,0.475,66,0.37432
DP00472r001_1,12.71,0.2417,0.63,0.396,0.288,324,0.37527
DP00488r001_1,6.23,0.4737,0.401,0.252,0.512,51,0.32047
DP00492r001_1,32.81,0.09173,0.137,0.241,0.224,344,0.137
DP00518r027_1,2.16,0.7186,0.721,0.113,0.847,33,0.73348
DP00520r001_1,18.56,0.1747,0.353,0.389,0.308,217,0.21768
DP00533r001_1,20.22,0.08297,0.253,0.292,0.23,334,0.16032
DP00534r004_1,4.32,0.5388,0.993,0.37,0.38,131,0.25824
DP00540r001_1,25.47,0.5545,0.691,0.468,0.399,345,0.57422
DP00541r001_1,7.72,0.484,0,0.28,0.249,257,0.23274
DP00543r014_1,13.08,0.2691,0.728,0.334,0.479,63,0.4714
DP00544r003_1,4.44,0.5364,0.768,0.339,0.364,120,0.4481
DP00546r001_1,12.85,0.7334,0.753,0.408,0.524,129,0.46095
DP00549r001_1,5.81,0.2914,0.872,0.193,0.754,35,0.22859
DP00550r001_1,7.3,0.3214,0.914,0.629,0.538,108,0.5882
DP00563r001_1,3.93,0.4426,0.812,0.209,0.29,204,0.67882
DP00566r001_1,6.32,0.2446,0.553,0.233,0.422,35,0.19837
DP00576r004_1,8.5,0.4814,0.491,0.362,0.315,188,0.38098
DP00587r001_1,2.55,0.1571,0.939,0.529,0.458,243,0.80457
DP00588r001_1,2.73,0.5185,0,0.23,0.318,82,0.12912
DP00591r001_1,10.37,0.4954,0.5,0.371,0.142,701,0.59571
DP00592r001_1,4.36,0.4089,0.643,0.277,0.484,62,0.50467
DP00621r001_1,2.63,0.614,0.917,0.598,0.546,113,0.78735
DP00624r001_1,2.24,0.6192,0.983,0.204,0.944,53,0.66601
DP00626r001_1,7.27,0.206,0.942,0.592,0.532,139,0.73218
DP00628r001_1,7.01,0.5394,0.629,0.234,0.54,39,0.41993
DP00633r001_1,2.3,0.6245,0.28,0.234,0.313,166,0.12648
DP00645r001_1,2.46,0.3764,0.628,0.287,0.221,185,0.4566
DP00659r001_1,18.64,0.2409,0.281,0.309,0.302,153,0.12923
DP00672r001_1,1.26,0.5104,0.996,0.448,0.593,61,0.8833
DP00673r001_1,3.32,0.5029,0.945,0.338,0.565,104,0.65679
DP00674r001_1,14.62,0.1961,0.215,0.161,0.326,154,0.12477
DP00683r003_1,14.51,0.2878,0.485,0.303,0.366,184,0.40082
DP00694r001_1,6.02,0.5831,0.557,0.222,0.208,228,0.48459
DP00699r001_1,4.56,0.2871,0.666,0.326,0.183,406,0.55115
DP00707r001_1,1.28,0.8023,0.687,0.269,0.659,74,0.489
DP00716r001_1,3.06,0.5157,0.914,0.404,0.314,279,0.75067
DP00718r013_1,2.18,0.1141,0.762,0.435,0.528,63,0.47539
DP00718r027_1,7.54,0.6654,0.775,0.235,0.52,41,0.45946
DP00720r001_1,15.44,0.1332,0.545,0.332,0.385,82,0.13934
DP00721r001_1,21.3,0.5724,0.263,0.271,0.318,156,0.1875
DP00724r001_1,8.62,0.4994,0.981,0.379,0.414,103,0.43849
DP00748r009_1,5.07,0.1667,0.974,0.632,0.7,56,0.41025
DP00749r003_1,25.15,0.09915,0.34,0.46,0.204,378,0.23996
DP00749r004_1,6.76,0.3766,0.339,0.124,0.576,33,0.18403
DP00752r001_1,10.43,0.1846,0.977,0.659,0.62,71,0.16235
DP00753r001_1,17.32,0.169,0.975,0.652,0.61,81,0.17793
DP00753r004_1,5.69,0.3062,0.94,0.658,0.632,69,0.46259
DP00754r001_1,13.67,0.2334,0.398,0.215,0.406,33,0.22196
DP00765r002_1,1.34,0.721,0.649,0.275,0.562,41,0.43577
DP00771r001_1,13.58,0.2076,0.531,0.352,0.398,71,0.23604
DP00775r007_1,3.84,0.6271,0.413,0.442,0.512,218,0.09605
DP00776r001_1,2.09,0.6811,0.9,0.378,0.641,33,0.3874
DP00787r001_1,16.34,0.1611,0.957,0.603,0.463,124,0.32586
DP00791r003_1,6.36,0.266,0.471,0.129,0.457,26,0.18223
DP00797r001_1,16.07,0.1603,0.45,0.251,0.448,77,0.16305
DP00803r001_1,19.52,0.226,0.637,0.3,0.391,58,0.14328
DP00806r001_1,13.13,0.1873,0.989,0.51,0.59,73,0.20046
DP00808r001_1,9.71,0.3971,0.567,0.231,0.488,51,0.15887
DP00808r004_1,6.89,0.2907,0.547,0.234,0.317,93,0.13618
DP00812r001_1,7.08,0.3745,0.995,0.684,0.782,63,0.60598
DP00815r001_1,13.41,0.7171,0.564,0.363,0.276,206,0.40015
DP00823r001_1,3.16,0.6125,0.83,0.34,0.61,36,0.41537
DP00840r004_1,7.69,0.3897,0.964,0.369,0.544,35,0.3791
DP00850r001_1,4.47,0.16,0.887,0.576,0.549,116,0.6539
DP00851r001_1,16.51,0.3798,0.528,0.153,0.613,80,0.26221
DP00862r001_1,12.39,0.1896,0.453,0.305,0.377,71,0.21976
DP00863r001_1,1.72,0.364,0.961,0.629,0.652,72,0.81845
DP00869r001_1,15.21,0.1933,0.496,0.26,0.363,87,0.27421
DP00870r001_1,10.09,0.182,0.831,0.588,0.548,203,0.50193
DP00871r001_1,4.47,0.5088,0.957,0.421,0.499,121,0.46001
DP00875r001_1,10.9,0.3633,0.483,0.187,0.433,52,0.2747
DP00876r001_1,6.37,0.5055,0.87,0.362,0.452,100,0.53045
DP00877r001_1,1.11,0.8582,0.985,0.257,0.624,64,0.87896
DP00893r013_1,11.33,0.1975,0.934,0.42,0.296,331,0.29714
DP00902r001_1,13.09,0.2522,0.943,0.615,0.658,101,0.65115
DP00902r002_1,7.77,0.2578,0.737,0.536,0.628,92,0.63875
DP00904r001_1,4.7,0.5156,0.847,0.5,0.558,110,0.64725
DP00908r001_1,3.74,0.3776,0.682,0.498,0.66,46,0.55279
DP00913r003_1,30.41,0.137,0.474,0.507,0.338,371,0.24686
DP00931r002_1,6.71,0.2853,0.304,0.151,0.385,34,0.1177
DP00937r001_1,8.22,0.6526,0.422,0.254,0.302,82,0.46666
DP00940r001_1,5.45,0.441,0.888,0.278,0.264,332,0.7042
DP00948r036_1,2.38,0.6764,0.555,0.197,0.359,60,0.26639
DP00949r005_1,2.73,0.743,0.994,0.511,0.727,41,0.46004
DP00955r001_1,4.42,0.3342,0.412,0.195,0.237,242,0.29774
DP00958r001_1,15.27,0.7007,0.987,0.428,0.371,123,0.47987
DP00959r001_1,2.09,0.688,0,0.269,0.343,206,0.47768
DP00965r003_1,1.42,0.7039,0.969,0.233,0.604,49,0.80818
DP00966r001_1,2.74,0.523,0.775,0.154,0.822,23,0.4085
DP00968r001_1,3,0.5006,0.912,0.323,0.548,98,0.34943
DP00973r003_1,17.78,0.4692,0.505,0.549,0.515,204,0.43772
DP00977r001_1,5.3,0.4842,0.762,0.272,0.442,61,0.20787
DP00978r005_1,32.87,0.08509,0.069,0.327,0.181,466,0.16894
DP00980r001_1,2.09,0.2096,0.926,0.481,0.534,83,0.77292
DP00984r001_1,8.3,0.5622,0.678,0.201,0.526,95,0.51928
DP00986r001_1,10.48,0.2423,0.65,0.219,0.515,28,0.1484
DP00990r001_1,15.55,0.1922,0.334,0.251,0.407,77,0.22889
DP00992r001_1,11.13,0.2808,0.57,0.253,0.695,35,0.31111
DP00994r005_1,30.03,0.2733,0.204,0.27,0.228,97,0.13947
DP00997r004_1,8.44,0.4681,0.898,0.536,0.55,49,0.32524
DP00999r001_1,15.67,0.2684,0.329,0.38,0.284,142,0.23421
DP01011r001_1,2.2,0.3798,0.964,0.542,0.532,65,0.66501
DP01014r001_1,23.82,0.429,0.317,0.32,0.354,89,0.21051
DP01026r006_1,18.16,0.0978,0.666,0.556,0.414,401,0.12919
DP01027r001_1,4.39,0.5434,0.582,0.136,0.448,32,0.2275
DP01033r001_1,6.05,0.3443,0.779,0.299,0.411,92,0.48831
DP01045r001_1,4.93,0.4562,0.917,0.411,0.538,26,0.4821
DP01048r004_1,2.33,0.5623,0.994,0.387,0.956,53,0.69202
DP01052r001_1,12.84,0.3375,0.324,0.428,0.393,61,0.19004
DP01054r001_1,2.59,0.5371,0.969,0.556,0.582,67,0.65354
DP01064r001_1,10.15,0.2256,0.316,0.275,0.492,44,0.26561
DP01064r003_1,7.19,0.5317,0.98,0.443,0.906,31,0.39547
DP01068r001_1,14.08,0.1406,0.591,0.415,0.304,119,0.2341
DP01070r005_1,3.69,0.657,0.942,0.496,0.603,79,0.68808
DP01082r001_1,7.78,0.4218,0.954,0.484,0.542,47,0.44326
DP01090r005_1,61.39,0.2722,0.098,0.349,0.091,1500,0.10889
DP01096r001_1,11.23,0.5507,0.93,0.479,0.49,179,0.51971
DP01100r001_1,27.63,0.4035,0.424,0.36,0.171,441,0.13614
DP01102r009_1,6.69,0.3577,0,0.285,0.164,526,0.17958
DP01104r001_1,22.93,0.1169,0.204,0.321,0.271,131,0.14333
DP01106r001_1,4.97,0.3218,0.678,0.324,0.218,363,0.50667
DP01108r001_1,5.41,0.5629,0.585,0.23,0.316,149,0.31514
DP01110r001_1,3.23,0.4429,0.966,0.319,0.335,175,0.59506
DP01119r004_1,3.36,0.1689,0.457,0.304,0.312,137,0.06274
DP01135r001_1,14.25,0.53,0.481,0.359,0.312,153,0.17744
DP01139r013_1,5.17,0.6788,0.951,0.324,0.666,32,0.42537
DP01141r001_1,7.58,0.5012,0.735,0.183,0.655,29,0.26541
DP01141r003_1,2.65,0.7502,0.858,0.248,0.901,52,0.77012
DP01142r001_1,17.7,0.3076,0.322,0.325,0.247,257,0.20594
DP01144r001_1,15.04,0.5602,0.704,0.216,0.43,100,0.20711
DP01146r001_1,9.68,0.6383,0.672,0.318,0.408,56,0.42432
DP01147r001_1,18.54,0.6012,0.818,0.466,0.448,81,0.26371
DP01149r001_1,9.39,0.5582,0.582,0.351,0.357,150,0.10834
DP01154r001_1,6.24,0.3609,0.904,0.168,0.535,43,0.46685
DP01155r001_1,9.87,0.2752,0.741,0.266,0.534,60,0.32198
DP01166r001_1,10.64,0.3978,0.833,0.375,0.378,148,0.46304
DP01169r001_1,15.71,0.1898,0.464,0.303,0.353,105,0.25547
DP01171r001_1,15.82,0.2932,0.614,0.363,0.379,68,0.25257
DP01172r001_1,15.13,0.1593,0.339,0.221,0.309,100,0.15583
DP01184r001_1,4.01,0.7019,0.942,0.336,0.478,60,0.40287
DP01195r001_1,10.28,0.5053,0.93,0.196,0.486,53,0.44173
DP01196r001_1,13.02,0.1678,0.881,0.531,0.392,193,0.24252
DP01201r007_1,1.92,0.6669,0.951,0.422,0.557,88,0.81579
DP01202r001_1,16.19,0.5562,0.504,0.307,0.283,125,0.19478
DP01203r001_1,11.17,0.3759,0.782,0.373,0.342,119,0.22752
DP01241r001_1,19.05,0.6676,0.191,0.353,0.3,136,0.1578
DP01248r001_1,2.25,0.6345,0.969,0.618,0.564,125,0.84211
DP01254r001_1,2.59,0.6042,0.995,0.497,0.515,77,0.66803
DP01256r001_1,4.76,0.4639,0,0.333,0.494,47,0.24088
DP01262r001_1,22.39,0.162,0.393,0.35,0.283,216,0.35473
DP01280r001_1,3.28,0.5973,0,0.108,0.398,40,0.41542
DP01285r001_1,9.74,0.2672,0.927,0.616,0.566,122,0.38685
DP01293r001_1,3.23,0.418,0,0.404,0.302,120,0.25302
DP01304r001_1,20.53,0.1227,0.169,0.202,0.275,74,0.15328
DP01308r002_1,4.4,0.7517,0.776,0.3,0.198,171,0.61556
DP01313r001_1,1.62,0.6457,0.761,0.241,0.295,61,0.48135
DP01316r001_1,9.24,0.6662,0.981,0.539,0.297,135,0.7192
DP01330r001_1,36.45,0.1405,0.188,0.296,0.251,112,0.14492
DP01339r001_1,21.57,0.2043,0.226,0.403,0.247,73,0.17642
DP01361r002_1,1.5,0.7687,0.956,0.51,0.329,96,0.84625
DP01394r003_1,5.43,0.6081,0.991,0.214,0.379,60,0.48371
DP01401r001_1,16.9,0.1643,0.186,0.256,0.29,42,0.20313
DP01424r001_1,8.95,0.2192,0.784,0.549,0.275,117,0.25172
DP01425r001_1,14.51,0.1963,0.229,0.233,0.213,111,0.15616
DP01426r018_1,9.46,0.2184,0.62,0.329,0.223,143,0.15752
DP01427r001_1,12.94,0.6816,0.912,0.457,0.24,102,0.43942
DP01428r001_1,2.02,0.2089,0.877,0.57,0.367,80,0.79431
DP01436r001_1,4.49,0.4043,0.992,0.365,0.31,65,0.44531
DP01437r001_1,3.94,0.5417,0.958,0.302,0.338,66,0.60842
DP01438r001_1,6.77,0.5284,0.84,0.331,0.328,67,0.41534
DP01438r004_1,4.03,0.5684,0.944,0.382,0.303,67,0.44178
DP01450r001_1,18.88,0.1586,0.231,0.38,0.161,318,0.14847
DP01452r003_1,22.84,0.176,0.157,0.274,0.24,93,0.08276
DP01456r001_1,17.06,0.1037,0.556,0.59,0.346,115,0.18394
DP01461r001_1,3.36,0.574,0,0.364,0.233,114,0.37734
DP01467r001_1,3.37,0.2816,0.986,0.593,0.461,80,0.57674
DP01474r001_1,2.28,0.6564,0.956,0.502,0.322,130,0.82106
DP01474r005_1,10.29,0.2103,0.303,0.307,0.306,71,0.34383
DP01475r001_1,5.26,0.4899,0,0.231,0.181,310,0.13464
DP01478r006_1,17.59,0.2347,0.339,0.309,0.302,42,0.11161
DP01479r001_1,18.21,0.1761,0.448,0.142,0.385,35,0.22382
DP01488r004_1,1.85,0.2583,0.731,0.422,0.368,31,0.57463
DP01498r001_1,2.13,0.8219,0.999,0.336,0.499,71,0.68737
DP01499r001_1,2.62,0.7651,0.937,0.377,0.45,78,0.749
DP01500r001_1,1.66,0.8349,0.957,0.337,0.407,64,0.77817
DP01501r001_1,1.37,0.4775,0.982,0.32,0.46,69,0.82913
DP01503r001_1,20.74,0.3172,0.116,0.3,0.34,74,0.18292
DP01512r001_1,3.57,0.4149,0.918,0.485,0.354,53,0.63705
DP01521r001_1,15.21,0.1928,0.232,0.303,0.121,282,0.17227
DP01524r001_1,21.5,0.2074,0.378,0.135,0.352,41,0.17186
DP01526r006_1,4.17,0.6521,0.935,0.515,0.358,92,0.7192
DP01527r001_1,20.44,0.1831,0.469,0.555,0.363,56,0.18881
DP01538r001_1,16.46,0.1763,0.139,0.296,0.236,84,0.13197
DP01544r001_1,5.31,0.1184,0.48,0.288,0.348,46,0.1753
DP01556r004_1,13.01,0.4066,0.941,0.42,0.205,243,0.35207
DP01590r001_1,10.45,0.08787,0.65,0.576,0.406,89,0.47278
DP01593r002_1,42.23,0.3014,0.291,0.361,0.264,140,0.17509
DP01594r001_1,12.55,0.2975,0.451,0.356,0.325,43,0.24873
DP01594r005_1,21.04,0.1315,0.302,0.381,0.271,85,0.12446
DP01600r001_1,18.7,0.1914,0.263,0.119,0.342,31,0.28587
DP01611r002_1,12.33,0.1012,0.17,0.411,0.132,395,0.09138
DP01616r001_1,25.38,0.6019,0.707,0.303,0.271,113,0.3735
DP01658r003_1,45.18,0.2124,0.096,0.388,0.19,242,0.13457
DP01658r004_1,24.12,0.1821,0.138,0.41,0.214,99,0.14293
DP01658r005_1,32.21,0.5618,0.362,0.405,0.168,216,0.16827
DP01747r001_1,25.13,0.2833,0.287,0.272,0.315,86,0.12851
DP01765r001_1,8.64,0.3841,0.312,0.267,0.358,139,0.17938
DP01805r005_1,4,0.7715,0.793,0.394,0.368,179,0.41063
DP01806r001_1,3.77,0.5374,0,0.264,0.295,108,0.22807
DP01825r001_1,7.85,0.2237,0.281,0.176,0.369,48,0.36185
DP01832r001_1,12.05,0.5237,0.51,0.342,0.426,82,0.1975
DP01841r001_1,8.96,0.6317,0.487,0.297,0.728,51,0.46461
DP01852r001_1,5.42,0.4226,0,0.342,0.267,172,0.19798
DP01859r001_1,64.69,0.1926,0.304,0.299,0.204,358,0.35384
DP01863r001_1,22.26,0.1352,0.106,0.32,0.16,462,0.14501
DP01870r001_1,2.05,0.7521,0.965,0.436,0.514,81,0.84861
DP01880r001_1,12.31,0.2395,0.266,0.32,0.252,206,0.122
DP01890r005_1,15.87,0.2687,0.414,0.252,0.356,61,0.15134
DP01920r001_1,16.13,0.253,0.604,0.337,0.41,77,0.31585
DP01942r001_1,2.44,0.3075,0.983,0.293,0.299,236,0.75256
DP01943r001_1,10.83,0.1702,0.814,0.265,0.542,62,0.10514
DP01944r001_1,4.29,0.2873,0.989,0.333,0.391,103,0.67786
DP01951r004_1,1.77,0.4963,0.968,0.617,0.646,70,0.77464
DP01963r002_1,7.21,0.3631,0.579,0.14,0.493,41,0.36037
DP01971r001_1,2.45,0.6238,0.927,0.595,0.425,181,0.84765
DP01996r002_1,3.72,0.4097,0.98,0.387,0.677,30,0.37623
DP02003r001_1,5.22,0.6716,0.898,0.186,0.515,60,0.40627
DP02009r001_1,8.6,0.2019,0.387,0.284,0.3,182,0.25737
DP02010r003_1,7.13,0.1275,0.71,0.483,0.505,108,0.48099
DP02025r001_1,11.65,0.2318,0.953,0.64,0.554,105,0.184
DP02033r008_1,32.72,0.3242,0.129,0.366,0.16,956,0.29459
DP02042r001_1,11.47,0.1664,0.531,0.206,0.419,54,0.19722
DP02049r001_1,23.88,0.1489,0.527,0.383,0.466,155,0.13227
DP02049r002_1,7.6,0.2681,0.494,0.325,0.474,56,0.26067
DP02050r002_1,14.2,0.1598,0.604,0.406,0.486,101,0.50521
DP02055r001_1,3.09,0.647,0.92,0.41,0.548,44,0.3877
DP02071r001_1,19.34,0.1584,0.877,0.327,0.55,81,0.14055
DP02086r001_1,16.82,0.1218,0.195,0.284,0.247,142,0.10528
DP02109r001_1,18.4,0.2879,0.64,0.342,0.477,60,0.21334
DP02143r003_1,6.39,0.4892,0.803,0.299,0.686,59,0.53526
DP02148r002_1,2.69,0.3546,0.497,0.349,0.353,259,0.63319
DP02162r001_1,13.87,0.1954,0.687,0.428,0.388,141,0.34183
DP02167r001_1,11.92,0.1469,0.824,0.349,0.328,132,0.12999
DP02171r002_1,3.92,0.3452,0.52,0.154,0.426,33,0.2514
DP02253r001_1,17.77,0.2534,0.496,0.211,0.41,56,0.25115
DP02312r001_1,15.06,0.3662,0.842,0.313,0.428,73,0.18922
DP02317r001_1,11.69,0.5019,0.839,0.44,0.392,62,0.27246
DP02327r008_1,4.34,0.6468,0.858,0.356,0.792,38,0.53151
DP02334r001_1,13.26,0.4489,0.792,0.168,0.45,53,0.29606
DP02340r001_1,6.46,0.1426,0.955,0.547,0.56,92,0.6197
DP02340r007_1,10.5,0.1069,0.834,0.542,0.462,106,0.39724
DP02386r001_1,42.8,0.1759,0.129,0.288,0.194,358,0.12337
DP02476r001_1,7.27,0.1618,0.586,0.265,0.278,231,0.26809
DP02476r007_1,16.77,0.04859,0.935,0.462,0.413,229,0.14353
DP02477r005_1,14.03,0.2705,0.798,0.397,0.356,353,0.64048
DP02478r001_1,13.2,0.07905,0.274,0.256,0.267,199,0.14027
DP02481r001_1,18.84,0.1472,0.3,0.295,0.245,142,0.11972
DP02481r002_1,29.41,0.1204,0.38,0.377,0.183,751,0.17414
DP02483r001_1,12.44,0.09969,0.798,0.612,0.456,426,0.54023
DP02484r001_1,5.2,0.5786,0.919,0.43,0.381,244,0.67873
DP02486r001_1,5.09,0.6015,0.628,0.518,0.392,204,0.67243
DP02487r001_1,3.77,0.3488,0,0.366,0.252,288,0.18161
DP02487r002_1,4.65,0.3585,0,0.404,0.328,206,0.11448
DP02488r001_1,14.52,0.1152,0.918,0.556,0.408,233,0.28659
DP02490r001_1,6.01,0.3383,0.877,0.534,0.399,214,0.63465
DP02493r001_1,17.83,0.2265,0.201,0.368,0.212,217,0.23197
DP02493r003_1,11.88,0.6986,0.959,0.199,0.562,30,0.42503
DP02495r001_1,19.26,0.131,0.55,0.536,0.458,218,0.17135
DP02495r002_1,12.39,0.2044,0.956,0.394,0.56,53,0.50428
DP02496r001_1,14.7,0.2397,0.809,0.577,0.522,220,0.41309
DP02497r001_1,2.21,0.2487,0,0.391,0.36,226,0.32882
DP02498r001_1,5.04,0.09694,0.711,0.444,0.427,227,0.59484
DP02501r001_1,16.61,0.09733,0.795,0.525,0.453,232,0.22628
DP02502r001_1,14.68,0.1702,0.931,0.594,0.494,238,0.29595
DP02503r001_1,13.65,0.1637,0.654,0.509,0.376,250,0.54606
DP02504r003_1,16.63,0.3724,0.467,0.308,0.361,256,0.27533
DP02505r001_1,73.86,0.3745,0.741,0.486,0.518,262,0.24447
DP02506r001_1,26.56,0.09151,0.466,0.549,0.494,235,0.15262
DP02507r001_1,10.01,0.1103,0.558,0.509,0.281,283,0.51223
DP02508r001_1,22.74,0.1675,0.316,0.352,0.321,282,0.16245
DP02510r001_1,13.76,0.3405,0.861,0.563,0.423,254,0.60414
DP02513r001_1,22.04,0.09356,0.084,0.31,0.076,1408,0.14962
DP02515r001_1,27.82,0.09359,0.74,0.527,0.424,338,0.1367
DP02516r001_1,3.03,0.2759,0.976,0.501,0.453,236,0.75606
DP02518r001_1,12.41,0.1068,0.743,0.463,0.492,224,0.67855
DP02519r001_1,15.56,0.1097,0.745,0.557,0.444,301,0.12854
DP02521r009_1,6.61,0.6337,0.956,0.374,0.5,86,0.41892
DP02523r003_1,18.01,0.1654,0.359,0.368,0.262,485,0.32124
DP02524r002_1,1.85,0.1827,0.48,0.525,0.39,278,0.05972
DP02528r001_1,12.25,0.3626,0.866,0.59,0.441,310,0.43129
DP02530r002_1,10.35,0.5358,0.442,0.442,0.208,788,0.55815
DP02536r001_1,14.58,0.1088,0.701,0.434,0.327,275,0.2154
DP02536r002_1,2.51,0.4183,0.979,0.283,0.602,33,0.56988
DP02772r028_1,10.21,0.3373,0.278,0.392,0.255,223,0.39679
DP02879r007_1,22.82,0.07665,0.298,0.353,0.22,260,0.18138
DP02879r009_1,13.15,0.1253,0.879,0.351,0.306,138,0.1971
