Prediction,TMscore
0.26751955,0.05163
0.198395105833334,0.05971
0.3355244625,0.05972
0.2826077,0.05973
0.2350000475,0.05973
0.188596177916667,0.06264
0.1934535525,0.06268
0.157971050833333,0.06269
0.185780259166667,0.06274
0.160800840416667,0.06276
0.196809492142858,0.06707
0.230657515000001,0.06865
0.093194599484127,0.07775
0.100068985714286,0.08215
0.0914362250000001,0.08268
0.103495352142857,0.08276
0.100840781785714,0.08636
0.102727308392857,0.09047
0.1829351,0.09103
0.126783946666667,0.09138
0.11319515,0.09155
0.0971771,0.09174
0.120677228333333,0.09249
0.173117975,0.09289
0.0978698500000001,0.09408
0.200318760119048,0.09605
0.117837496666667,0.09875
0.18815825,0.10002
0.124007806666667,0.10015
0.1563224,0.10031
0.1496986,0.10228
0.408335601666667,0.10311
0.2828780375,0.1034
0.110722641666667,0.10417
0.319713825,0.10454
0.29744206,0.10509
0.245872840833333,0.10514
0.1183103375,0.10528
0.194773940833333,0.10611
0.1174932,0.10676
0.263424801944445,0.10753
0.140072780892857,0.10777
0.174970303333333,0.10823
0.183066433333333,0.10829
0.154898553333333,0.10834
0.162780796666667,0.10843
0.18779996375,0.10851
0.410676492420635,0.10884
0.13569595,0.10889
0.115772933333333,0.1092
0.175321629004329,0.10921
0.141157193095238,0.10939
0.189183886190476,0.10955
0.17851995,0.11042
0.245238925,0.11115
0.17046965,0.11152
0.16617473,0.11161
0.187065705476191,0.11166
0.145791496666667,0.11186
0.185708945833333,0.11187
0.288848016666666,0.11245
0.171512833333333,0.11261
0.13400443,0.1138
0.129057358333333,0.11433
0.221214533333333,0.11448
0.140271875,0.11491
0.146314829166667,0.1152
0.175257395833333,0.11527
0.221331053333333,0.11537
0.186224166666667,0.11543
0.203664025833333,0.11737
0.127996846666667,0.1175
0.145759933333333,0.11751
0.230805391666667,0.11765
0.244617416666667,0.1177
0.164932633333333,0.1182
0.138919525,0.1183
0.21548095,0.11835
0.389445601666667,0.11872
0.141368874166667,0.11876
0.17551125,0.11905
0.180049065059524,0.11972
0.139789605,0.11997
0.15307694375,0.1201
0.151521815,0.12032
0.207871796666667,0.12087
0.453975279166667,0.1213
0.384691475,0.12139
0.212370204166667,0.1215
0.175809858035714,0.12168
0.1316572,0.122
0.1978848,0.12219
0.139919041666667,0.12227
0.1840959,0.1223
0.15133178,0.1226
0.142100669642857,0.12275
0.130685935,0.12276
0.14010760952381,0.12281
0.1446562,0.12313
0.223379798333334,0.12333
0.132036283333333,0.12337
0.173116286666667,0.12338
0.113430715833333,0.12405
0.138137933333333,0.12417
0.149175883333333,0.12421
0.125774658333333,0.12434
0.177127843333333,0.12446
0.276289809999999,0.12452
0.261102675,0.12464
0.227614390416667,0.12464
0.162572958333333,0.12477
0.133639519880952,0.12505
0.129937966666667,0.1252
0.139784533333333,0.12543
0.116424339166667,0.12568
0.221602641666667,0.12597
0.127766883333333,0.12619
0.140242979761905,0.12632
0.16890185,0.12644
0.168243483333334,0.12648
0.13651816,0.12682
0.16808475,0.12694
0.142810466666667,0.12713
0.144561466666666,0.12714
0.286225245,0.12743
0.211871483214286,0.12793
0.262841275,0.12796
0.1751143,0.12798
0.147254302142857,0.12838
0.171635491845238,0.12851
0.129679618333333,0.12854
0.155348908333333,0.12875
0.170371079166667,0.12899
0.2493031075,0.12912
0.274634666666667,0.12915
0.193270828214286,0.12918
0.324112626666667,0.12919
0.169367847916667,0.12923
0.158468775,0.12934
0.22993965,0.1295
0.138651702857143,0.12953
0.1379753775,0.12959
0.204717399642857,0.12964
0.368817605714287,0.12967
0.190579727916667,0.12999
0.251996955,0.13007
0.1378575225,0.13025
0.464131694166667,0.13087
0.1561309125,0.13103
0.339066463095239,0.13126
0.238288090833333,0.13149
0.143928213333333,0.13156
0.139971321666666,0.13197
0.191623330833333,0.13201
0.143474364761905,0.13227
0.192208789166667,0.13238
0.209165954166667,0.13266
0.145573842857143,0.13268
0.21272785,0.13289
0.117764127380953,0.13314
0.1286514725,0.1333
0.1431149625,0.13381
0.125329489404762,0.13408
0.15472785,0.13426
0.34559265,0.13444
0.2927359075,0.13447
0.153439,0.13457
0.148211316666667,0.13458
0.13686805,0.13464
0.13791513452381,0.13515
0.185439325,0.13524
0.145831398452381,0.13539
0.143640693690476,0.13563
0.222700058333333,0.13567
0.276619795833333,0.13609
0.334036999999999,0.13614
0.1243429875,0.13617
0.209251208333333,0.13618
0.300577088333333,0.13624
0.21125828797619,0.13629
0.204024505,0.13635
0.13162589047619,0.13645
0.153166298809524,0.1367
0.3447100875,0.13679
0.1188883275,0.137
0.143451591666666,0.13754
0.1231225875,0.13788
0.273459691666667,0.13802
0.132780305833333,0.13858
0.135604594166667,0.13876
0.2736273925,0.13879
0.20922545,0.1389
0.24407622,0.13934
0.139890479166667,0.13937
0.146870488690476,0.13947
0.192419960357143,0.1395
0.243812703809524,0.13962
0.144540091666667,0.14014
0.12454868,0.14027
0.159135403869048,0.14037
0.125280745,0.1405
0.1977370875,0.14055
0.137387386666667,0.14059
0.171489716666667,0.1406
0.130063978333333,0.14084
0.156287103333333,0.14129
0.255974150833333,0.1414
0.218194614285714,0.14146
0.2057372,0.14185
0.1440706,0.14197
0.179546516666667,0.14203
0.2178687625,0.14213
0.178123725,0.14228
0.129400355,0.14231
0.16236775,0.14243
0.148532250833333,0.14283
0.144894233333333,0.14288
0.13436683,0.14293
0.203468175,0.14328
0.165502975,0.14333
0.171206091666666,0.14342
0.292712383333333,0.14353
0.23379905,0.14439
0.1570435,0.14443
0.214391641666667,0.14454
0.166417575,0.14472
0.152455583333334,0.14492
0.160932737499999,0.14492
0.164270594642857,0.14501
0.177233362976191,0.14502
0.190675720833333,0.14548
0.185986831666667,0.14635
0.150405375,0.14642
0.1762631,0.14672
0.144593791666667,0.14757
0.214025370833333,0.14776
0.206074623809524,0.14804
0.309702133333333,0.1484
0.170257225,0.1484
0.13295145,0.14847
0.22381785,0.1488
0.149865183333333,0.14962
0.18882495,0.14971
0.1685618,0.14971
0.164851231547619,0.14984
0.24361265,0.15011
0.132137873333333,0.15012
0.229338054166667,0.15065
0.229179929166667,0.15134
0.173783041666667,0.15139
0.1678261,0.1516
0.149245638333333,0.15166
0.315780099999999,0.15169
0.206780080833333,0.15174
0.17835495,0.15191
0.1515934575,0.15204
0.157512840119048,0.1521
0.158722616666666,0.15213
0.1819531325,0.15218
0.164268875,0.15258
0.20264785,0.15262
0.246223912142857,0.15299
0.20734378,0.15313
0.136985065357143,0.15328
0.1765753,0.15334
0.245403366666667,0.15374
0.217753241666667,0.15484
0.224910551071428,0.15493
0.241350766071428,0.15493
0.23181623125,0.15495
0.145884735833333,0.15496
0.165695369166666,0.15502
0.158749152380952,0.15511
0.251719047916666,0.15528
0.232317357438673,0.15528
0.161595500833333,0.15583
0.1522116325,0.15585
0.20283887,0.15604
0.15992642202381,0.15616
0.153433551309524,0.15654
0.1437792,0.15686
0.214231275,0.15741
0.2393299075,0.15752
0.181374296666667,0.1578
0.31813785,0.15887
0.213104041666666,0.16029
0.162323045833333,0.16032
0.158137640595238,0.16039
0.152677465,0.16102
0.155853465833334,0.16105
0.163695383214286,0.16114
0.151496052738095,0.16142
0.183168404047619,0.16186
0.182323035714286,0.16195
0.290979517440477,0.16212
0.174521542792208,0.16235
0.156544742738095,0.16236
0.178029725,0.16245
0.217763390833333,0.16254
0.204178945,0.1626
0.35203393297619,0.16272
0.238329295,0.16305
0.152744166666666,0.16322
0.195997416666667,0.1633
0.2154894375,0.16349
0.209345274999999,0.16357
0.209930354761905,0.16373
0.167099141666667,0.16376
0.15512015,0.16385
0.179623073333333,0.16435
0.206840258333333,0.16471
0.185362460952381,0.16579
0.15289275,0.1661
0.1686798,0.16612
0.140905215,0.16642
0.230578654166667,0.16669
0.170781603809524,0.16705
0.156284884642857,0.16727
0.246100393333333,0.16778
0.245053062500001,0.16792
0.191518005952381,0.16793
0.166148158333333,0.16807
0.205484872916667,0.16815
0.246946725,0.16815
0.211693316666667,0.16827
0.268647325,0.16868
0.15323960625,0.1687
0.23586915,0.16884
0.167099141666667,0.16894
0.145519034166666,0.16962
0.129829746190476,0.16998
0.204224150833334,0.17004
0.287583945833334,0.17092
0.172457513333334,0.17103
0.204836924166666,0.17104
0.438948899166666,0.17135
0.2091885,0.17136
0.179399583928571,0.17169
0.183138727380953,0.17186
0.299344945833334,0.17188
0.172178013452381,0.17225
0.1549629625,0.17227
0.143391926666667,0.17256
0.293306429166667,0.17276
0.23347495,0.17279
0.267470383333333,0.1728
0.23637485,0.17281
0.297491891666667,0.17288
0.200848628333333,0.17296
0.1947993,0.17298
0.196922615,0.17318
0.309143170654762,0.17326
0.192878983333333,0.17338
0.23529925,0.17367
0.331643129166666,0.17414
0.239932511071428,0.17446
0.1955547125,0.17489
0.162246241666666,0.175
0.2179258425,0.17503
0.193764829166666,0.17509
0.181368731666667,0.17521
0.223553385,0.17527
0.196713193333333,0.17527
0.182043725,0.17528
0.3549747225,0.1753
0.163261558333334,0.17535
0.16904696,0.17554
0.1382728,0.17573
0.187389624166667,0.1759
0.289533001805556,0.17595
0.171156,0.17603
0.175187076666666,0.17628
0.232586275595239,0.17628
0.177877722916667,0.17629
0.172395141666667,0.17642
0.232586275595239,0.17671
0.151809725,0.17675
0.184389146230159,0.17681
0.1466005,0.17691
0.16401949625,0.17715
0.327978656666666,0.17723
0.172170699285714,0.17728
0.170401906666667,0.17744
0.185411837499999,0.17787
0.222737706428572,0.17793
0.296238095833334,0.17832
0.246136433452381,0.17851
0.149808848809524,0.17851
0.18914378,0.17938
0.16045924,0.17951
0.1994736,0.17958
0.188629586666667,0.17972
0.18700788,0.17998
0.373551156666667,0.17999
0.236058533333333,0.18045
0.243904275833333,0.18053
0.181968775,0.18118
0.19990675,0.18138
0.18608655,0.18161
0.512138185,0.18176
0.21219675,0.18183
0.16374138,0.18223
0.165221479166667,0.18245
0.169200391666667,0.18263
0.161697725,0.18263
0.14962195,0.18292
0.276868256666666,0.18301
0.279223915714286,0.18306
0.189146783333333,0.18308
0.231215626666666,0.1831
0.2122657,0.18319
0.210942261666667,0.1832
0.230309741666666,0.18322
0.175072101666666,0.18362
0.295936514999999,0.18368
0.203060585833333,0.1838
0.156181894047619,0.18381
0.267230455,0.18384
0.254101128968254,0.18394
0.335410466666667,0.184
0.214928970833333,0.18401
0.210234863333333,0.18403
0.20661975,0.18435
0.186998662380952,0.1848
0.18521465,0.18485
0.197556579166666,0.18502
0.237767123214285,0.18504
0.204717133095238,0.18509
0.200014320833333,0.18521
0.216262496666666,0.18548
0.158240259642857,0.18553
0.145350602619048,0.18583
0.3055779525,0.18625
0.177603558333334,0.1866
0.298208516666667,0.18678
0.272120658333333,0.18703
0.307957807500001,0.18706
0.195183666666667,0.18747
0.165259263333334,0.1875
0.194109716666666,0.18783
0.201453379047619,0.18791
0.243444375,0.18793
0.23642895952381,0.18819
0.15833745,0.18866
0.197917945714286,0.18881
0.320844204166667,0.18921
0.383495458333334,0.18922
0.2229989,0.18953
0.19145269,0.18981
0.184737715833333,0.19004
0.1573440675,0.19085
0.261342170238095,0.19103
0.160706325,0.19141
0.242108620833333,0.19205
0.2893566275,0.19225
0.170953469940476,0.19253
0.2409226625,0.19291
0.214599936666667,0.193
0.156173366666667,0.19385
0.173179053452381,0.19457
0.24080315,0.19478
0.243653049999999,0.1971
0.25735695,0.19722
0.2102254975,0.19725
0.209903068333333,0.19735
0.217706113055555,0.1975
0.204963116666667,0.19754
0.2179066,0.19772
0.19848415,0.19798
0.214866873333334,0.19803
0.265676441666667,0.19809
0.3184570175,0.19828
0.241551483452381,0.19837
0.229425205,0.19856
0.2045319625,0.19887
0.195487328333333,0.19914
0.2282678,0.19965
0.165604610833333,0.19974
0.168360621666667,0.19987
0.350912340892857,0.19987
0.22993925640873,0.19994
0.202278366190476,0.20006
0.361127075357143,0.20046
0.157402241666667,0.20052
0.428557054047619,0.20053
0.225488917559524,0.20054
0.228144938333333,0.20066
0.2742809,0.20158
0.220051311666667,0.20165
0.233678204166667,0.20191
0.255309158333333,0.20199
0.20016495,0.20243
0.218861984523809,0.20268
0.230583681666666,0.20285
0.168583400833333,0.20313
0.247017463333333,0.20343
0.157749841666667,0.20346
0.238106600952381,0.20373
0.185587620833333,0.20396
0.386145999999999,0.20418
0.170430074404762,0.20436
0.256671925,0.20483
0.336578715,0.20502
0.226658099999999,0.20543
0.280915300000001,0.20569
0.231144645119048,0.20594
0.24799586,0.20599
0.2689511,0.20641
0.291854833511905,0.20667
0.287988172678571,0.20683
0.283654999305556,0.20699
0.145290041666667,0.20704
0.304881617142857,0.2071
0.443910528333333,0.20711
0.269865845833333,0.20764
0.34596538,0.20787
0.289796191666667,0.20922
0.190431688055555,0.20958
0.176636658333333,0.20975
0.244736991666667,0.21
0.173523726309524,0.2103
0.204087901011905,0.21051
0.33987235,0.21055
0.182901015476191,0.21057
0.150690814166667,0.21084
0.323089887499999,0.2109
0.402070401666667,0.21116
0.233616455952381,0.21193
0.25245877,0.21267
0.2761517025,0.21275
0.244446505,0.21334
0.205823525,0.21402
0.227493151666667,0.21405
0.2129068,0.21417
0.1723584,0.21451
0.31209675,0.21468
0.252215433333333,0.21492
0.339316216666667,0.21506
0.263125213333334,0.2154
0.217557122321428,0.21768
0.379800533333333,0.21775
0.235932210833333,0.21827
0.215529825,0.21875
0.220851325,0.21883
0.17588005,0.21908
0.215956716666666,0.21909
0.29873668,0.2192
0.36244342,0.21969
0.241101475,0.21976
0.242540951190477,0.21987
0.1781469025,0.22007
0.22061785,0.22011
0.281782478571428,0.22019
0.215571808333333,0.22051
0.297777511250001,0.2212
0.30958423547619,0.2212
0.208304538333333,0.22173
0.232673411666666,0.22196
0.202051249583333,0.22196
0.287527531666667,0.2223
0.214948266666666,0.22235
0.241497242500001,0.22235
0.249645285119048,0.22293
0.371548568333333,0.22298
0.220321156666667,0.22382
0.262767375,0.22448
0.2434992,0.2246
0.2068353125,0.22529
0.256910976666666,0.22548
0.237085766666667,0.2256
0.2494133775,0.22592
0.204232602380952,0.22609
0.36299568,0.22628
0.226107573333333,0.22632
0.2197610375,0.2264
0.25229314327381,0.22642
0.339659923333334,0.22642
0.190163516666666,0.22669
0.25181785,0.22671
0.2554118075,0.22672
0.3564988575,0.22713
0.271239365833333,0.22732
0.303102269166667,0.2275
0.2823760625,0.22752
0.253185845,0.22754
0.2051026175,0.22775
0.184669739166667,0.22793
0.186211955000001,0.22807
0.327417638333334,0.2284
0.297957717579365,0.22851
0.403088651309524,0.22854
0.254267935,0.22859
0.309348941051587,0.22859
0.203094949166667,0.22859
0.420985499166667,0.2286
0.2319882075,0.22875
0.2472184925,0.22889
0.203333201666666,0.22902
0.234654434166667,0.22938
0.243355054166666,0.22962
0.2111632675,0.2298
0.311176099999999,0.22986
0.212736188333333,0.23019
0.221017458333333,0.23099
0.2299785625,0.23109
0.19370794,0.23112
0.1971594625,0.23117
0.2112838125,0.23119
0.24676985,0.23128
0.2278357,0.23134
0.165642875,0.23197
0.338924772916666,0.23206
0.207943928333333,0.2325
0.2186443125,0.23273
0.1892366,0.23274
0.27577595,0.23292
0.232486925,0.23303
0.220635905,0.23326
0.252645295,0.23371
0.362028815,0.23392
0.208739913333333,0.23406
0.354717194166667,0.2341
0.199296049285714,0.23421
0.3693896,0.23443
0.257977882142857,0.23493
0.326697239583333,0.23497
0.267419868333333,0.23604
0.18566823,0.23607
0.229171417499999,0.23674
0.277523629166666,0.23701
0.20047675,0.23759
0.254537753333333,0.23769
0.2531156475,0.23807
0.403012585,0.23885
0.214753791547619,0.23902
0.222571,0.23978
0.2297379,0.2399
0.236725058333333,0.23996
0.313084753333334,0.24061
0.23730205,0.24088
0.364704723214286,0.24146
0.431063548809524,0.2418
0.352543518333334,0.24185
0.348547784166667,0.24196
0.2271763,0.24203
0.3991373875,0.24204
0.371082259880952,0.24209
0.284219363492063,0.24222
0.221611,0.24237
0.276699375,0.24245
0.450248305,0.24252
0.465245155,0.24256
0.264783,0.24389
0.18770415,0.24397
0.317173212083332,0.24433
0.248169040833333,0.24447
0.2047506875,0.24517
0.212185945833333,0.24521
0.2838181375,0.24526
0.194515154166667,0.24541
0.370242226666666,0.24557
0.284532966666666,0.24582
0.260480783333333,0.24601
0.263643974999999,0.24602
0.2336830825,0.24606
0.300147947142857,0.24615
0.273232154166667,0.24686
0.28677811,0.24741
0.21619265,0.24751
0.247375430119048,0.2477
0.24381506,0.24787
0.329355126666666,0.24788
0.238134083333333,0.24839
0.251509348333334,0.2487
0.2760132875,0.24873
0.363004025,0.24908
0.331290065,0.24917
0.211493144166667,0.24974
0.257606758333334,0.2499
0.239278692857143,0.24996
0.298170883333333,0.25058
0.279997316666667,0.25066
0.23445682,0.25076
0.22483133,0.25079
0.215924366666667,0.25115
0.25640135,0.25121
0.245581638333334,0.2514
0.390202301785714,0.25172
0.275880779166667,0.25189
0.1987861875,0.25205
0.183561328333334,0.25231
0.25708302,0.25234
0.169222679166667,0.25236
0.171994841666666,0.25249
0.293882658333334,0.25257
0.2009169,0.25262
0.24305609202381,0.25265
0.2154585525,0.25302
0.2217933,0.25302
0.344533174999999,0.25308
0.2507773,0.25322
0.3842647875,0.25328
0.228026421984127,0.25333
0.24872707,0.25372
0.263634947380952,0.25379
0.321193511666667,0.25419
0.251375053809524,0.25444
0.297589266666667,0.25467
0.233937306666667,0.25478
0.262780625,0.2548
0.2355785625,0.25495
0.292154075000001,0.25511
0.254703304166667,0.25547
0.257098111666666,0.25547
0.2545569,0.25548
0.299069796428571,0.25587
0.234663562499999,0.25626
0.358594079166667,0.2566
0.204043913333334,0.25719
0.281786125,0.25737
0.38326435,0.25756
0.24178824,0.25788
0.228814275833334,0.25797
0.253776264166667,0.25811
0.274434445,0.25824
0.336854675,0.25836
0.329966892857143,0.25847
0.371557464285715,0.25851
0.457696808333334,0.25903
0.228911418214286,0.25957
0.2727065,0.26067
0.31535854,0.26073
0.25336256,0.261
0.27876699625,0.26103
0.289851862499999,0.26143
0.315976518333333,0.26153
0.278486053888889,0.26163
0.317127449999999,0.26171
0.228647580000001,0.26172
0.2074502975,0.2622
0.249817354166667,0.26221
0.28809145,0.26227
0.241086690000001,0.26259
0.253926565,0.26285
0.3733582875,0.26312
0.308986782142857,0.26371
0.222852833333333,0.264
0.297360025634921,0.26415
0.4898093125,0.26475
0.350806897380952,0.26541
0.214748185,0.26561
0.243510833333334,0.26639
0.3060474175,0.26663
0.247527816666666,0.26669
0.32284352952381,0.26751
0.226844285,0.26767
0.260078711428572,0.26807
0.3452724,0.26809
0.358923261309524,0.26816
0.310626122499999,0.26818
0.28230240297619,0.26884
0.304371333333334,0.26886
0.252843813333334,0.27047
0.2856317,0.27085
0.223104552380952,0.27104
0.25588631,0.27111
0.25832041,0.27114
0.2065383925,0.27219
0.34802985,0.27246
0.283984210833334,0.2732
0.3933819375,0.27326
0.218590690833333,0.27332
0.173476366071429,0.27371
0.264092056666667,0.27421
0.242954670833333,0.27459
0.236796725,0.2747
0.408056976666667,0.27482
0.313790599999999,0.27497
0.401113558333333,0.27506
0.457336766666666,0.27529
0.394133637777777,0.27533
0.238637758333333,0.27585
0.220251929166666,0.27588
0.3562963875,0.27629
0.31898365,0.2769
0.220382216666667,0.27706
0.433991316666666,0.27711
0.395687623333333,0.27727
0.20842987,0.2776
0.4386923475,0.2784
0.1249019,0.27853
0.247964145833333,0.27877
0.3183792,0.27887
0.175521933333333,0.27985
0.353360195,0.27991
0.295047652499999,0.28094
0.253554095,0.2812
0.173718485,0.28157
0.352792056666667,0.28189
0.248071288333334,0.28221
0.353001479166667,0.28253
0.236730243333334,0.2827
0.225919714047619,0.28343
0.352251838333333,0.28378
0.400204792499999,0.28398
0.397304948333333,0.28546
0.1458328125,0.28547
0.360164126666666,0.28556
0.2269876,0.28584
0.247928866666667,0.28587
0.240563466666667,0.28623
0.296386100000001,0.28627
0.347566579523809,0.28659
0.348757079523809,0.28715
0.310982583333334,0.28715
0.20587005,0.2887
0.379872125,0.28933
0.305620710714285,0.28943
0.305594875,0.28998
0.268779050000001,0.29006
0.386650821666666,0.29059
0.297630483333334,0.2907
0.36056242,0.29293
0.315926149166666,0.29377
0.32398238,0.29385
0.308072123333333,0.29421
0.378345037916666,0.29441
0.295557825238095,0.29442
0.202929791666667,0.29459
0.322863583333333,0.29466
0.34224913,0.29473
0.344943767380952,0.29484
0.282856833869047,0.2949
0.33455772,0.29502
0.218524466388888,0.2951
0.3221783,0.29515
0.368014460833333,0.29537
0.341522935833333,0.29573
0.401139804285714,0.29588
0.340949664285714,0.29595
0.425841678333333,0.29604
0.359167458333334,0.29606
0.3304941,0.29643
0.437768959583334,0.29681
0.388065033333333,0.29688
0.494146778333333,0.29714
0.3014128,0.29774
0.357653958333333,0.29833
0.519049829047619,0.2985
0.29161635,0.29853
0.366075063333333,0.2986
0.489865200000001,0.29862
0.2203142,0.29883
0.243257166666666,0.29904
0.3126069,0.30062
0.356291138333333,0.30087
0.339495024999999,0.30186
0.23873295,0.3021
0.22571259,0.303
0.338834108333333,0.30303
0.22209167,0.30326
0.381998158452381,0.30529
0.333856798571429,0.3065
0.340385529444444,0.30742
0.254275302380952,0.3075
0.349300763333333,0.30757
0.194807675,0.30827
0.228087975,0.30862
0.271020311071428,0.30872
0.248603863333333,0.30935
0.341245934642857,0.31026
0.23119955,0.31064
0.229949377380952,0.31065
0.2570728,0.31111
0.229180716666666,0.31231
0.25561841,0.31514
0.330230315833334,0.31585
0.317763033333333,0.31706
0.3555645675,0.32031
0.180138783333333,0.32047
0.267109583333333,0.32086
0.26729525,0.32124
0.321429285,0.32185
0.369695616666667,0.32198
0.372900963333333,0.32249
0.333138245,0.3226
0.18177505,0.32267
0.435108991666666,0.32308
0.358332801666666,0.32315
0.348450604761905,0.32363
0.624980150119047,0.32369
0.2683579,0.32413
0.520498090833334,0.32415
0.262241752976191,0.32419
0.401256925,0.32443
0.392216921904761,0.32469
0.2926465,0.32477
0.27983514,0.32519
0.3975929875,0.32524
0.358075275,0.32559
0.289963541666666,0.32577
0.61122775,0.32586
0.361534168928572,0.32678
0.247037565,0.3276
0.257451666666667,0.32882
0.2974323,0.32955
0.26904705,0.3297
0.3704025,0.33089
0.373346366666667,0.33192
0.338361429166667,0.33207
0.433235,0.33223
0.3677889525,0.33334
0.415388553333334,0.33335
0.408511345,0.33424
0.386468966666667,0.33458
0.429341601666667,0.33608
0.378667920833333,0.33623
0.314840967142857,0.33661
0.257528025,0.33719
0.3394921,0.33728
0.275788704166667,0.33747
0.246492625,0.33772
0.343321465476191,0.33818
0.562061942500001,0.33902
0.301563829166667,0.33974
0.38793535,0.34017
0.3209362,0.34041
0.37357742,0.34041
0.3248901,0.34083
0.256940575,0.34183
0.405307816666666,0.34187
0.41158455,0.34188
0.235178103333333,0.34229
0.357624612499999,0.34229
0.238872865,0.34236
0.268058433333333,0.34287
0.382147325,0.34339
0.351337937916666,0.34345
0.235705284523809,0.34383
0.3982020125,0.34534
0.352079299999999,0.34551
0.3015913375,0.3458
0.516332500000001,0.34759
0.2254410825,0.34778
0.375203983333333,0.34862
0.28614528375,0.34926
0.3551755225,0.3494
0.475147644999999,0.34943
0.2712242,0.34945
0.506930111666667,0.34952
0.326592291666667,0.34985
0.404342645833333,0.35045
0.424745989880953,0.35067
0.403536795000001,0.35117
0.309577598333333,0.35128
0.547182308333334,0.35176
0.29745275,0.35204
0.388468425,0.35207
0.436664199999999,0.35208
0.333578699999999,0.35286
0.3961299,0.3535
0.438942950000001,0.35382
0.188931364166667,0.35384
0.475986211666667,0.35406
0.36854385,0.35442
0.33334555,0.35473
0.385003050000001,0.35486
0.462689575,0.35523
0.266657156666666,0.35535
0.501206734880953,0.35568
0.31675685,0.35569
0.398299282619047,0.35612
0.250700386666667,0.35672
0.295663821666666,0.35697
0.299500570833333,0.35773
0.3249393,0.35801
0.389170610000001,0.35973
0.425430940000001,0.3598
0.354784590833333,0.35989
0.2726961,0.36037
0.262213308333333,0.36185
0.3864063,0.36199
0.34958755,0.36323
0.280049987499999,0.36491
0.430767733333333,0.36582
0.36333702,0.36772
0.361428678571428,0.36782
0.356321466666666,0.3683
0.391583931666667,0.36869
0.445103033333333,0.37055
0.369094613214286,0.37112
0.326192965,0.37137
0.394330372619048,0.37156
0.29534535,0.37202
0.394615513333333,0.37322
0.353065588809524,0.3735
0.384994731666667,0.37382
0.398495394285715,0.37399
0.371956076666667,0.37425
0.37365078,0.37432
0.371126605416667,0.37433
0.361674875,0.37461
0.388235104166667,0.37489
0.37365078,0.37502
0.343615275,0.37527
0.371424408055556,0.37551
0.4335198,0.37579
0.422117917857144,0.37582
0.3849689575,0.37593
0.417005623452381,0.37623
0.3397237,0.37734
0.373162571666667,0.37865
0.27461649,0.37877
0.38608249,0.37881
0.390459136547619,0.3791
0.374651815,0.37925
0.4811740875,0.37941
0.382882927638889,0.37958
0.406241390416667,0.38009
0.395020166666667,0.38016
0.307843652380953,0.38043
0.333577675,0.38068
0.397784741666667,0.38098
0.388059517956349,0.38103
0.214249695833333,0.38258
0.4586073,0.38447
0.467478599999999,0.38455
0.406821084166667,0.38563
0.388867953095238,0.38585
0.316788208333333,0.38606
0.4042782775,0.38627
0.386529175000001,0.38664
0.391528745,0.38665
0.63712751845238,0.38684
0.412635506666666,0.38685
0.4179232,0.38725
0.378242025,0.3874
0.41179424404762,0.3877
0.410330906666666,0.38772
0.506287886071429,0.38802
0.547026441666667,0.38843
0.507012186071429,0.38847
0.406139928333334,0.38935
0.398712525,0.38938
0.493114216666667,0.38975
0.458026539166666,0.39017
0.674334408333333,0.39049
0.460752337499999,0.39058
0.637375446666666,0.39136
0.391970585714286,0.39143
0.311203774166666,0.39159
0.411422166666666,0.39176
0.4079416875,0.3923
0.422555858333334,0.39267
0.476822716190477,0.3931
0.30454085,0.39537
0.5256808225,0.39542
0.421589503333334,0.39547
0.427950949999999,0.39548
0.602508124999999,0.39582
0.449789883333333,0.39607
0.602353415,0.39608
0.2311077125,0.39679
0.444477920833332,0.39724
0.36736215,0.39749
0.395132150297619,0.39781
0.403699249999999,0.3985
0.406507199999999,0.39855
0.29252645,0.39871
0.447423641666667,0.3992
0.517829687499999,0.39977
0.380269416190476,0.40015
0.39358845,0.4006
0.397449283333333,0.40082
0.400630287083334,0.40109
0.342387141666667,0.40181
0.400713260357143,0.40187
0.265307024285714,0.40253
0.41972035,0.40277
0.399722764999999,0.40284
0.445915803571429,0.40287
0.445835553571429,0.40291
0.43280595,0.40305
0.42493,0.40442
0.490207150000001,0.40536
0.483269658333333,0.40548
0.375361975,0.40613
0.429536578333334,0.40627
0.411420255833333,0.4063
0.416435029166666,0.40636
0.405395791666667,0.40657
0.399829499999999,0.4068
0.449993183333334,0.40694
0.4332956,0.40699
0.396842054761905,0.40709
0.42204,0.40715
0.453015133333334,0.40716
0.433383225000001,0.40741
0.391490068333333,0.40767
0.339853141666667,0.40777
0.416683382380952,0.4085
0.388963270833333,0.40861
0.433594925000001,0.40872
0.429065575,0.40882
0.407502155119048,0.40889
0.411908598928572,0.40896
0.410992135416668,0.409
0.420061250000001,0.40912
0.314489965416666,0.40948
0.250254271666667,0.41012
0.425049461666666,0.41025
0.407850828809524,0.41048
0.43851145,0.41053
0.454914813333333,0.41063
0.434482873333334,0.41111
0.430233545833333,0.41113
0.398892449999999,0.41113
0.426421595833334,0.4115
0.35630391,0.41158
0.429465226904761,0.41174
0.301135398333333,0.4119
0.419938925,0.41239
0.375821101024531,0.41244
0.221555728333333,0.41288
0.415171287500001,0.41309
0.481629777499999,0.41342
0.382690591666666,0.41377
0.343507112738095,0.41534
0.40946406,0.41537
0.230657515000001,0.41542
0.426810566666666,0.41701
0.5307946775,0.41743
0.385649749999999,0.41788
0.4336691875,0.41857
0.434038733333333,0.41887
0.564638205000001,0.41892
0.4167004875,0.41942
0.394705416666666,0.41943
0.579133173333333,0.41954
0.479382615,0.41992
0.349044383333333,0.41993
0.414651237500001,0.4203
0.392759325,0.42046
0.424884887083333,0.42086
0.292240023571428,0.42103
0.507175862500001,0.42122
0.526937890000001,0.42136
0.425461362499999,0.42152
0.429156283333333,0.42176
0.365641700833333,0.42192
0.408587233333333,0.42282
0.350910866190476,0.42286
0.340799239999999,0.42432
0.4336114275,0.42433
0.426195237500001,0.42503
0.428979266666666,0.42537
0.383243455357142,0.42539
0.41899324,0.42558
0.485366483333333,0.4265
0.529320642857143,0.42657
0.410021028571429,0.42659
0.424245950000001,0.42673
0.496359941666666,0.427
0.43534745,0.42717
0.435282803333334,0.42727
0.455083752857143,0.42747
0.534077968452379,0.42929
0.498784994047619,0.42933
0.413386009583333,0.42939
0.494191253571428,0.4294
0.452982333749999,0.42943
0.495302185714286,0.42971
0.564248586666665,0.42994
0.419533248333333,0.43007
0.505029265714286,0.43009
0.4241389,0.4307
0.419563715,0.43073
0.4299502375,0.43095
0.490949410714287,0.43101
0.474635575,0.43129
0.338607983333332,0.43143
0.492035691666666,0.43203
0.341500366666666,0.43291
0.3584134,0.43308
0.401200499999999,0.43399
0.422031225,0.43555
0.422962399999999,0.43573
0.359610083333333,0.43575
0.421441315,0.43577
0.342526733333333,0.43589
0.418682275,0.43595
0.447162108809525,0.4361
0.39512625,0.43618
0.364604748333333,0.43651
0.346342398333333,0.43713
0.53111933,0.43752
0.44513265,0.43772
0.366928581666667,0.43797
0.460041720000001,0.43813
0.627204128571429,0.43821
0.409119549999999,0.43842
0.497659773809524,0.43849
0.423918953452381,0.4385
0.513385637499999,0.43942
0.396302803333333,0.43966
0.501948634166667,0.43981
0.537533979166667,0.44035
0.420457245833333,0.44065
0.341560766666666,0.44069
0.397125699166667,0.44084
0.484295344166666,0.44096
0.466316558333334,0.4413
0.447120421428571,0.4414
0.456232197619047,0.44172
0.454536640952382,0.44173
0.499613111607143,0.44178
0.550044843452379,0.44183
0.4597703625,0.44193
0.462549433333333,0.44209
0.41503460029762,0.44245
0.471058510000001,0.44324
0.434406805238096,0.44326
0.452980430952381,0.4435
0.476577854642858,0.44402
0.299276916388889,0.44447
0.431065646666667,0.44448
0.402311168333334,0.44451
0.439629949999999,0.44489
0.300786691388889,0.44494
0.467042134999999,0.44531
0.343190783333334,0.44657
0.26302418,0.4481
0.461527826666668,0.44812
0.477563293333334,0.44847
0.473732499999999,0.44849
0.439995483095238,0.45127
0.456183954166667,0.45192
0.400919498333332,0.45281
0.443070691666667,0.45458
0.3844854875,0.45468
0.51925073,0.45536
0.427422278333334,0.4566
0.462550596190476,0.45672
0.445874599166667,0.45779
0.454122410000001,0.4587
0.457472179761905,0.45889
0.4401822625,0.45898
0.402591886666666,0.45904
0.456917317500001,0.45946
0.492586936666667,0.45951
0.458405881666666,0.45963
0.420031740714286,0.45997
0.561855974166667,0.46001
0.46384545857143,0.46004
0.50843805,0.46038
0.40418221,0.46095
0.413635536666667,0.46188
0.464617296190476,0.46239
0.343006603333334,0.46256
0.260368566904762,0.46259
0.409091135714286,0.46266
0.276565755,0.46277
0.447061325,0.46304
0.315197428333333,0.46345
0.359427706666667,0.46387
0.458699307499999,0.46391
0.3561750875,0.46461
0.365358785,0.46485
0.415952359999999,0.46501
0.490320254166667,0.46533
0.648434245833333,0.46569
0.468200632261905,0.46585
0.604321199999999,0.46611
0.264623785833333,0.46666
0.278595014880953,0.46675
0.451525345,0.46685
0.465399836547619,0.46687
0.197625227857143,0.46718
0.449604886666666,0.46731
0.4640055,0.46736
0.46727173,0.46741
0.573152550000001,0.4684
0.47029987202381,0.46863
0.453907474999999,0.46866
0.454989399999999,0.46879
0.472798327380953,0.46881
0.447527819166667,0.46888
0.460014388928571,0.46913
0.451030163095238,0.4697
0.452804760833333,0.46979
0.264248925,0.46989
0.458841527916667,0.47043
0.44951782,0.47051
0.424906135833333,0.47107
0.440703575,0.47107
0.525172876666667,0.47108
0.467386476666667,0.4714
0.441092813392857,0.47143
0.439049915,0.47191
0.265674875,0.47209
0.48720245,0.47278
0.425307716428572,0.47294
0.48297895,0.47383
0.334882343333333,0.47539
0.4883480625,0.47621
0.404731004999999,0.47621
0.265674875,0.47622
0.423623333333333,0.47653
0.39598695,0.47678
0.431673678571428,0.47695
0.642854167500001,0.47704
0.40038524,0.47722
0.492036012500001,0.47731
0.38126905,0.47768
0.465802654880953,0.47906
0.449785366666667,0.47948
0.496221128809524,0.47987
0.51863698,0.48099
0.252885483333333,0.48135
0.475530135,0.48194
0.502244871666667,0.48202
0.464992921785714,0.4821
0.502529021666667,0.4828
0.493239213333334,0.48303
0.466538696666667,0.48335
0.482891085,0.48364
0.494108375416667,0.48371
0.480325366666666,0.48459
0.472155200000001,0.48504
0.466337529642857,0.48542
0.442802341666666,0.48563
0.4846578025,0.48682
0.472069233333333,0.48686
0.4653035,0.48686
0.474914150238095,0.48718
0.478135386666667,0.48732
0.480535591666666,0.48746
0.473506172619048,0.48752
0.478657208333333,0.48778
0.324253549999999,0.48792
0.4437851875,0.48831
0.291526015,0.48885
0.474408825,0.489
0.463656618326118,0.48932
0.468071453333333,0.48936
0.472772846666667,0.48946
0.470570808333333,0.48978
0.235143895833333,0.49009
0.514441348333334,0.49153
0.48453091125,0.49277
0.455435173333333,0.49279
0.443805311190476,0.49303
0.418725783333333,0.49372
0.488127924642856,0.49457
0.3800161,0.49497
0.411886925833333,0.49535
0.565580771666667,0.49732
0.51790418,0.49753
0.276038508333334,0.49777
0.253196920887446,0.49791
0.529072624166666,0.49837
0.467598675,0.49891
0.490104949999999,0.499
0.523406527499999,0.49915
0.491912448750001,0.49966
0.234172925,0.49992
0.468260241666666,0.50052
0.463822841666667,0.50072
0.546998774999999,0.50098
0.505759999999998,0.50193
0.3752479625,0.50284
0.569178658333334,0.50428
0.531554,0.50443
0.488213691666667,0.50463
0.251390425,0.50467
0.547541943333332,0.50486
0.454434170833332,0.50491
0.40639856,0.50492
0.37339775,0.50521
0.503767598333333,0.50557
0.51980195,0.50667
0.501802647222222,0.50682
0.49102194,0.50684
0.355732016666667,0.50685
0.476312287499999,0.50686
0.547231893333332,0.50712
0.565661633333334,0.50763
0.509625438214286,0.50795
0.623089115,0.50839
0.483935034166666,0.50851
0.393480684999999,0.50855
0.505866450000001,0.50891
0.507337130000001,0.50903
0.387708875,0.50911
0.520066934999999,0.50912
0.520498109999999,0.50916
0.487666691666667,0.50955
0.503861673809525,0.50985
0.542862833333334,0.51016
0.26439339047619,0.51023
0.611485616666668,0.51086
0.516630403333334,0.51108
0.538118476666666,0.5114
0.4495932625,0.51223
0.41624375,0.51235
0.508868737499999,0.51287
0.323876420833333,0.51485
0.517053733333334,0.51503
0.512136108333333,0.51552
0.480301899999999,0.51603
0.507946546666666,0.51801
0.139261365,0.51859
0.766881674999999,0.51913
0.477957572619048,0.51914
0.463922910238096,0.51928
0.531909700000001,0.51971
0.519560699999999,0.52027
0.457853793095238,0.52071
0.350010263571429,0.52079
0.463995941666667,0.52322
0.482928141666668,0.52325
0.472438950000001,0.52399
0.558917380000001,0.52593
0.516016471666667,0.52642
0.377888978809524,0.5272
0.482122212500001,0.52833
0.466108225833333,0.52863
0.361022120444139,0.52866
0.552988891666666,0.52888
0.466924916287879,0.52932
0.556811683333333,0.52942
0.51449526,0.52991
0.4416989875,0.53045
0.473283356666667,0.53151
0.501516544166666,0.53162
0.360269154166667,0.53168
0.51897728375,0.53192
0.520408806666667,0.53213
0.351221119345238,0.53227
0.499259795,0.53287
0.470158008333333,0.53526
0.4847369,0.53593
0.467231845714286,0.53806
0.435796399999999,0.53951
0.549779833333332,0.54023
0.449289308333333,0.54043
0.3895392,0.54293
0.500203050952381,0.54356
0.495661084999999,0.54422
0.548972933333332,0.54482
0.53665065,0.54606
0.448011049999999,0.54642
0.497633683333334,0.54861
0.541691525,0.54971
0.5533929,0.55022
0.382871605833333,0.55026
0.3904077275,0.55114
0.5013163625,0.55115
0.544221858333333,0.55178
0.522356658333334,0.5522
0.5196110875,0.55279
0.434907840833333,0.55427
0.565000726666667,0.55434
0.527826067142858,0.555
0.524896583333335,0.55549
0.562026766666667,0.55622
0.525612499999999,0.5568
0.544359725,0.55759
0.530847899999999,0.55778
0.520310733333333,0.55815
0.520139466666666,0.56181
0.547247909999998,0.56632
0.498741031666667,0.56651
0.491019895833333,0.56784
0.526311308333332,0.56816
0.4222161475,0.56848
0.694518184166667,0.56886
0.573848649999998,0.56988
0.54616115,0.56996
0.479866824999999,0.57075
0.56175642,0.57112
0.426418463511905,0.57167
0.494071038333334,0.57422
0.49708625,0.57439
0.526549923809524,0.57463
0.621487720000001,0.57668
0.612154078333333,0.57674
0.550942299999999,0.57717
0.539890458333334,0.57759
0.532722965357143,0.57839
0.589548493928572,0.57849
0.53686391,0.57876
0.452430411428572,0.5797
0.620585425,0.57975
0.571833182857143,0.58093
0.490946604166666,0.58118
0.5487188075,0.5813
0.5420144075,0.58143
0.470460525000002,0.58175
0.536445761666666,0.58203
0.413805137500001,0.58252
0.552716441666667,0.58266
0.541702195833333,0.58344
0.482768387499999,0.58359
0.586495208333333,0.58446
0.363580997420635,0.58497
0.554117075952382,0.58497
0.512493641666666,0.58612
0.6047222625,0.58637
0.569283177023809,0.58649
0.57046771,0.58755
0.519010029166666,0.58777
0.547136157500001,0.5882
0.503784666071429,0.59008
0.604052539999999,0.59068
0.560059982857144,0.59484
0.603914321666666,0.59506
0.537184041666666,0.5955
0.593018599999998,0.59571
0.576112677619048,0.59636
0.51716475,0.59787
0.589013075,0.59798
0.421507761190476,0.59825
0.558693275000001,0.59895
0.599837907500001,0.60033
0.614686999999999,0.60074
0.505532099999999,0.60098
0.562580360000001,0.60122
0.612311545000001,0.60161
0.53821283154762,0.6018
0.575237597619047,0.60414
0.620352691666667,0.60449
0.606339087222222,0.60598
0.600402942500001,0.60728
0.378260229166667,0.60732
0.604921554166668,0.60734
0.575156768452382,0.60736
0.331597398194445,0.60754
0.594608961369048,0.60831
0.628850420595238,0.60842
0.604466849285716,0.60847
0.589390850000001,0.60873
0.597332483333334,0.60885
0.570606473452382,0.60898
0.600790770119048,0.60898
0.570428022619047,0.60907
0.599595770119048,0.60908
0.611677960000001,0.60938
0.561825358333333,0.6111
0.560114425,0.61178
0.502700543214286,0.61207
0.595967566666666,0.61273
0.657401427142857,0.61325
0.591897250000001,0.61556
0.592164950000001,0.61687
0.637054502083334,0.61735
0.68562509,0.61745
0.655384984166665,0.61779
0.674247099999999,0.61897
0.7359348075,0.6197
0.653335525,0.62078
0.734603488333333,0.62111
0.764532083333332,0.62134
0.53936255,0.62181
0.651589645833334,0.62209
0.64285285095238,0.62221
0.669252375,0.62366
0.7157967,0.62999
0.400360902777778,0.63319
0.664530639583334,0.6339
0.464188766666667,0.63446
0.617267333809524,0.63456
0.432242124464286,0.63465
0.568080455,0.63645
0.5540536,0.63705
0.473687445833333,0.63783
0.494644456666666,0.63875
0.538767475000001,0.63972
0.602375887500001,0.64048
0.636289449999999,0.64052
0.533147713333332,0.64071
0.611671420833333,0.64072
0.473453828333333,0.64103
0.563484308333333,0.64153
0.42337035,0.64221
0.610110133333331,0.64231
0.658695575,0.64295
0.636387149999998,0.64343
0.562397991666667,0.64363
0.649883550000002,0.64463
0.668250575000001,0.64545
0.667659075000001,0.64718
0.500294961666666,0.64725
0.552575379999999,0.64749
0.603338711666665,0.65115
0.442978460357143,0.65166
0.628882295833334,0.65202
0.587900499999999,0.65286
0.522865659999999,0.65301
0.648563950000002,0.65354
0.690814295833332,0.65364
0.673168270833333,0.6539
0.603237467499999,0.65396
0.618572479166668,0.65679
0.613520625000001,0.65751
0.667487412499999,0.65768
0.537235314642857,0.65779
0.398147185,0.65845
0.539356566666666,0.65848
0.641722387499999,0.65883
0.559622475,0.65908
0.661257350000001,0.65918
0.542704591666668,0.65937
0.3768561475,0.66038
0.576024625952381,0.66056
0.598762678571429,0.66163
0.620501825000001,0.66199
0.6691529,0.66234
0.597408300000001,0.66317
0.551318355,0.66358
0.656372525000002,0.66414
0.655133869166667,0.66415
0.669163950000001,0.66501
0.631120124999999,0.6654
0.509437916666668,0.66567
0.662831647321428,0.66574
0.671265095238095,0.66601
0.655351334285714,0.66615
0.647977312499999,0.66617
0.605477176904762,0.66663
0.6664695625,0.66675
0.588188210952382,0.66679
0.649342257261903,0.66685
0.2592149975,0.6677
0.600959799999998,0.66779
0.541942383333333,0.66786
0.650976315833334,0.66797
0.609718457916667,0.66803
0.676363283333334,0.66824
0.332408215952381,0.66864
0.543146166666666,0.66881
0.667186425,0.66923
0.664627566071428,0.6694
0.635013808571429,0.66977
0.43971764577381,0.66979
0.636212249999999,0.66979
0.701246649166667,0.67056
0.657226550000001,0.67097
0.359908286666666,0.67164
0.645682865833334,0.67184
0.50807121547619,0.67243
0.703516543333334,0.67304
0.658254402380952,0.67336
0.491585813333333,0.67362
0.684290226904761,0.67366
0.447546697500001,0.67575
0.623789554166668,0.67593
0.582576775000001,0.67644
0.570785362261905,0.67668
0.648240492500001,0.67786
0.35327984,0.67848
0.378603295,0.67851
0.645514317857143,0.67855
0.602594043333334,0.67873
0.6352971225,0.67878
0.618556598809524,0.67882
0.615071253095239,0.67961
0.527413895833333,0.67969
0.621906663333334,0.68032
0.57130835,0.68043
0.476464059999999,0.6811
0.7178503,0.68175
0.465806958333334,0.68272
0.683879695833334,0.6842
0.548916653333334,0.68456
0.680086004166665,0.68465
0.447561918333333,0.68528
0.595132840198413,0.68554
0.693717749999999,0.68571
0.656902678988096,0.68607
0.661540062499999,0.68698
0.70299628,0.68704
0.695720095833333,0.68737
0.636676177619048,0.68767
0.698333096428571,0.68772
0.6680545625,0.68774
0.752032135238096,0.68808
0.544245383809523,0.68989
0.667626032500001,0.69014
0.465544059999999,0.69075
0.648601729166667,0.69114
0.697230764166667,0.69179
0.682927797619048,0.69202
0.687374710873016,0.69212
0.687064823730159,0.69222
0.682978023293652,0.69251
0.642328263511905,0.693
0.715548238333332,0.69525
0.55963109047619,0.69714
0.714991000000001,0.69896
0.609355519166667,0.70069
0.658890974999998,0.70161
0.5974586,0.70203
0.703633883333334,0.7042
0.6915192,0.70444
0.51700659,0.70566
0.53918935,0.70755
0.37362487,0.70906
0.691586400000001,0.70925
0.677920239166666,0.71121
0.620819623333334,0.7125
0.708998720833333,0.71259
0.745567423452381,0.71328
0.60062389047619,0.71356
0.745097523452381,0.71405
0.713759050000001,0.71502
0.692648428333333,0.71568
0.692248054404762,0.71591
0.719334477738094,0.71622
0.627032072499999,0.71755
0.717999775833332,0.71817
0.720018870714287,0.71882
0.776498593333332,0.7192
0.706108353333333,0.7192
0.67973069047619,0.71922
0.699558584999999,0.71949
0.39452694,0.72073
0.630866940000001,0.72204
0.662255733333333,0.7223
0.476312953333333,0.72248
0.536152719166667,0.72362
0.433314183333333,0.72534
0.742552128928572,0.72752
0.65979018,0.7295
0.603393620833334,0.73005
0.601324520833334,0.73119
0.6284809625,0.73218
0.732239483333333,0.73237
0.686994839999999,0.73287
0.752546000952381,0.73307
0.639727586666668,0.73348
0.421198572142858,0.73468
0.694255477499999,0.73537
0.367607416666667,0.73539
0.719609464999999,0.73557
0.712864999166666,0.73595
0.738100864285716,0.73595
0.615349114166666,0.73775
0.741281321428571,0.73916
0.55177999375,0.73922
0.447711978333333,0.73937
0.733567620833333,0.74312
0.688756383333333,0.74396
0.385957558333333,0.74427
0.737013021666667,0.7448
0.675839179166666,0.74614
0.604945475833334,0.74732
0.674927874999999,0.749
0.700796254166665,0.74916
0.646083775000001,0.7492
0.713598700000002,0.74928
0.73961175,0.75007
0.743826099999999,0.75052
0.628477358333334,0.75067
0.665027164583334,0.75073
0.742938049999999,0.75256
0.673426364999998,0.75312
0.750141416666666,0.75402
0.704661735714286,0.75538
0.698983887499999,0.75606
0.727410400000001,0.7562
0.705043285714286,0.75665
0.598956830000001,0.75756
0.741730829166668,0.75806
0.642697017460318,0.75932
0.700903907500001,0.75948
0.585982129166667,0.76012
0.636245770000001,0.76021
0.6394887,0.76039
0.686879025,0.76339
0.466351072619047,0.76463
0.695897821666666,0.76488
0.545900295833334,0.76517
0.719639467500001,0.76584
0.539280055833333,0.76597
0.767038650000002,0.76688
0.740792944166666,0.76841
0.702874539880953,0.77012
0.648482420000001,0.77233
0.661535737380954,0.77284
0.644983445,0.77292
0.633307337380954,0.77301
0.279788095833334,0.77323
0.766481549999999,0.77464
0.734292374999999,0.7752
0.74901185,0.77577
0.683371929166665,0.77817
0.623140661904763,0.77963
0.639412711904763,0.77991
0.740188474166666,0.77994
0.74242309,0.78108
0.766405174999998,0.78124
0.779889539166667,0.78137
0.685503684761904,0.78207
0.756770723333334,0.78211
0.723673276666665,0.78244
0.757597920000001,0.78379
0.721903736666667,0.78416
0.597624899345238,0.78507
0.764577565039682,0.78547
0.754406049166666,0.78554
0.735092801666667,0.78636
0.722213158333332,0.78705
0.720195612500001,0.78734
0.774906915833334,0.78735
0.728048226666667,0.78835
0.754105495833333,0.78842
0.617030525,0.79431
0.758956524999999,0.7975
0.752425286666666,0.79761
0.747643525000002,0.79886
0.795348649166666,0.79919
0.743903865000002,0.7992
0.737751821666666,0.80009
0.795720173333334,0.80085
0.774395808333334,0.80124
0.704962298333333,0.80292
0.759293341666665,0.80352
0.762943924999998,0.80386
0.788277991666666,0.80422
0.546761603333333,0.80457
0.754796518333332,0.80545
0.770840551666667,0.8067
0.5033583625,0.80818
0.763628612500001,0.80848
0.746675541666667,0.80943
0.736568590357142,0.80944
0.762918158333334,0.80961
0.699107603333333,0.80992
0.769496555952381,0.81033
0.665351654166666,0.81177
0.694695733333333,0.81201
0.760644897698414,0.81318
0.69943708,0.81331
0.714542555833334,0.81342
0.800841308333333,0.81392
0.775069500000002,0.81405
0.580810426666667,0.81579
0.636386901666666,0.81588
0.345510324184704,0.81752
0.739789935,0.81845
0.769711269999999,0.81976
0.615464758333335,0.81981
0.784803431031747,0.82106
0.753294837083333,0.82107
0.801241426190476,0.82143
0.82453118125,0.82294
0.719618515,0.82453
0.724251566666667,0.82458
0.777409491666667,0.82596
0.7338866425,0.82694
0.798875966666667,0.82913
0.688443891190477,0.82914
0.591640453333333,0.82971
0.805879763333333,0.83125
0.789359189999999,0.83182
0.770386937499998,0.83228
0.593437434523809,0.83304
0.710190054166666,0.83651
0.6572241875,0.83785
0.815967416071429,0.83834
0.832705493333333,0.83933
0.829649139801588,0.83974
0.772825542857141,0.83983
0.811172138333332,0.83984
0.799373342023809,0.84025
0.809011331666665,0.84121
0.814459619404762,0.84183
0.783400965476192,0.84211
0.800197855476191,0.84338
0.831768188134921,0.84421
0.795150766666666,0.84579
0.774331904166665,0.84625
0.689465826666666,0.84638
0.836833625000002,0.84647
0.685283339166666,0.84658
0.726159048214286,0.84711
0.7130805525,0.8473
0.809319924166666,0.84745
0.688466463333333,0.84765
0.676971800833333,0.84779
0.793419845,0.84801
0.699060099999999,0.84819
0.742251880000001,0.8483
0.835427968333333,0.84861
0.760952991666666,0.84875
0.795893429999999,0.849
0.794121072857143,0.85002
0.681728378333333,0.8509
0.800809999999999,0.85217
0.730279000595238,0.85985
0.729306862500001,0.86487
0.750728499999998,0.86942
0.8059227575,0.87529
0.8181524125,0.87797
0.85288252916667,0.87896
0.799029382500001,0.87923
0.588003281785715,0.87933
0.858765405833332,0.87987
0.869660851666668,0.8807
0.604261024999999,0.88136
0.869155532619047,0.8833
0.766649475000001,0.88949
0.836258025000001,0.89057
0.821991812499998,0.89802
0.790175428333333,0.91113
0.896652632500001,0.91141
0.8955611583,0.91141
0.831296383333334,0.91152
0.8849409958,0.91152
0.901478292738097,0.92167
0.9045367727,0.92167
0.89065615357143,0.92238
0.874078481,0.92238
