Prediction,Tmscore
0.54280779,0.57717
0.28659425,0.27497
0.3958901833,0.39159
0.440926225,0.43573
0.4412274231,0.42943
0.3909481902,0.35523
0.3853538702,0.37055
0.410018645,0.41943
0.3377368357,0.33458
0.4037346696,0.41048
0.3471211208,0.33772
0.3338831417,0.34229
0.3328912875,0.37877
0.2930755538,0.1034
0.2769577871,0.11115
0.2742724371,0.10002
0.38179535,0.41113
0.38196715,0.42046
0.1484785458,0.17691
0.8178215942,0.83228
0.2907948167,0.2907
0.2752417617,0.25379
0.30895208,0.25756
0.422409673,0.25903
0.280380725,0.25511
0.7196793367,0.76463
0.4543968807,0.46501
0.2229829907,0.20373
0.2183518949,0.17367
0.4200428183,0.42433
0.3488337,0.22642
0.3789763393,0.40284
0.4631965,0.46866
0.4813522933,0.39058
0.4355675733,0.38606
0.16406685,0.17629
0.5799099,0.58777
0.1964935196,0.18322
0.2030380413,0.18401
0.7764277917,0.78835
0.8580118643,0.88949
0.6768677569,0.66977
0.6465159085,0.66415
0.2757607611,0.15493
0.2754506844,0.15528
0.7477334833,0.75052
0.8046435796,0.81392
0.4815562546,0.48946
0.4702125042,0.48364
0.1906908342,0.27985
0.2054160058,0.28157
0.58239316,0.66038
0.4865959386,0.48686
0.65311675,0.64231
0.3742204574,0.33902
0.618301625,0.62999
0.2237926358,0.2298
0.2271768333,0.21909
0.5240864611,0.72073
0.4288794415,0.39049
0.4262244288,0.39136
0.4151079315,0.39582
0.1573289125,0.16669
0.40110117,0.43308
0.4414707917,0.43966
0.7372218767,0.73557
0.7309806842,0.73537
0.643717,0.65166
0.6508145,0.66056
0.2764669567,0.35128
0.2926162593,0.35204
0.2882883926,0.3535
0.2946000093,0.35486
0.2561546643,0.25262
0.6383640275,0.66163
0.6364850875,0.67097
0.6355659375,0.66663
0.8353579504,0.84711
0.3016985975,0.2951
0.3097216492,0.29681
0.5077543279,0.50486
0.6876816358,0.71949
0.6982379567,0.71622
0.6986869283,0.71882
0.4825420467,0.50851
0.4673515567,0.49372
0.2604295213,0.26163
0.3828145833,0.34188
0.3797397833,0.34339
0.3853117,0.33223
0.3752439185,0.37425
0.3633995007,0.35973
0.3767520607,0.37322
0.61438975,0.73348
0.7536751,0.77963
0.1293216415,0.14203
0.559598009,0.56816
0.2298075633,0.15011
0.4565661933,0.4714
0.4569660383,0.46979
0.4529529383,0.46888
0.4362153742,0.4481
0.47094335,0.47107
0.2361734718,0.22859
0.2212883625,0.21468
0.3523543358,0.34985
0.3838321792,0.39176
0.3115128542,0.2887
0.2945142542,0.23607
0.3437807833,0.32031
0.584864425,0.59571
0.663192875,0.62134
0.4814294308,0.50467
0.4836205183,0.49992
0.6643473408,0.66617
0.7261525092,0.73005
0.7224613125,0.72752
0.388090135,0.41993
0.4415008833,0.44812
0.1252567025,0.12505
0.1344716796,0.12923
0.1332589377,0.12934
0.8638769693,0.8833
0.8636644693,0.8807
0.639304419,0.67362
0.16426149,0.12477
0.3689230367,0.40082
0.3793118,0.40181
0.3786643033,0.4006
0.4682387,0.50855
0.460833655,0.51235
0.49492155,0.58252
0.4348104375,0.48792
0.6988137762,0.75067
0.715263122,0.74928
0.7095037095,0.73595
0.4681966875,0.47294
0.4577898375,0.46913
0.4480556331,0.45946
0.1529648967,0.16778
0.181020875,0.18866
0.2196023125,0.18403
0.2206058257,0.18319
0.5075549858,0.46611
0.2037794,0.22196
0.4039498325,0.41788
0.3953843667,0.43575
0.4007668617,0.38585
0.3936656242,0.38665
0.3936794742,0.38664
0.14683108,0.18223
0.1737040267,0.15741
0.1433092379,0.14328
0.307889014,0.20046
0.2030942714,0.15887
0.6089959264,0.60598
0.6090457931,0.60728
0.2471152579,0.26221
0.223050687,0.19809
0.8166954581,0.81845
0.2624072042,0.261
0.2814557333,0.28094
0.50339435,0.50443
0.2765792917,0.2732
0.6630169167,0.65301
0.6516698667,0.65396
0.6374087367,0.66786
0.4608964833,0.46256
0.711436575,0.72204
0.2642639877,0.26639
0.462848475,0.49966
0.455981075,0.49277
0.4809593167,0.47731
0.4776811667,0.47906
0.4707331233,0.47768
0.4385037,0.40777
0.4362583919,0.44183
0.7586113502,0.77994
0.2290451561,0.22902
0.2301773483,0.23099
0.2803164667,0.3021
0.1407908325,0.13539
0.341633725,0.33424
0.2535263625,0.264
0.6629409775,0.66615
0.665917065,0.65918
0.2131162324,0.21057
0.4773037492,0.49303
0.4786767742,0.49535
0.4944025925,0.49457
0.6938330187,0.69222
0.6938330187,0.69251
0.2220439196,0.25079
0.2332313446,0.25302
0.2177796315,0.1832
0.2670331655,0.24582
0.40510963,0.409
0.2270923667,0.21506
0.2298413167,0.30935
0.4512260363,0.44326
0.4526757641,0.44065
0.1561602827,0.14333
0.1575056763,0.13426
0.1580101763,0.14757
0.411583515,0.44069
0.2585851142,0.25076
0.6012685,0.60074
0.1317716268,0.06274
0.111170741,0.06269
0.1922892669,0.18362
0.6693221083,0.74732
0.2535992275,0.20594
0.2194457536,0.20683
0.47881301,0.44849
0.2576846867,0.26103
0.2515301908,0.25797
0.1566324598,0.15218
0.4030459098,0.41342
0.4454544179,0.44847
0.1764826167,0.17535
0.1679616417,0.21451
0.8282272031,0.84211
0.6711713744,0.66803
0.2385982833,0.24557
0.3404664333,0.33974
0.34068819,0.35801
0.31719105,0.41542
0.2017674417,0.06865
0.2607799833,0.37202
0.1479129,0.12417
0.5971403,0.60873
0.3727372829,0.48135
0.5292563042,0.49915
0.5322774967,0.51552
0.1502310367,0.14492
0.1471715675,0.14472
0.1543728167,0.14502
0.1542827333,0.17728
0.4973002458,0.48303
0.4931211208,0.48202
0.2041067554,0.19965
0.2803520917,0.24908
0.17714915,0.175
0.2033941738,0.15752
0.1998437625,0.15174
0.4411369143,0.43595
0.75449805,0.78124
0.74950669,0.78734
0.6140534625,0.61735
0.4452798489,0.41534
0.4397014489,0.42086
0.1457185058,0.1226
0.0856921042,0.08268
0.0850285542,0.08636
0.574208345,0.57839
0.7601414725,0.81588
0.3245502392,0.30326
0.15679038,0.15191
0.15765495,0.10829
0.1419982342,0.11161
0.1633481975,0.11543
0.2297446917,0.22196
0.5611948958,0.57463
0.5770079833,0.57759
0.6837935642,0.69179
0.7220539667,0.749
0.7210437667,0.71121
0.829131345,0.82913
0.1675906133,0.14492
0.1577571117,0.16962
0.156270105,0.20704
0.16830178,0.15204
0.178437069,0.17972
0.1916550225,0.18981
0.1973667725,0.18783
0.1982987642,0.18791
0.2527480917,0.24606
0.2550493025,0.24602
0.1512934057,0.12446
0.1406116583,0.16195
0.0927525813,0.09408
0.3678727867,0.36869
0.3664152733,0.37433
0.1591998258,0.14293
0.1590014973,0.1848
0.1918993012,0.17938
0.1915396387,0.17998
0.407883775,0.41063
0.4049726333,0.40536
0.1836065833,0.22807
0.2499986325,0.36185
0.26644945,0.31231
0.2475583775,0.21
0.203643525,0.1866
0.422461125,0.43291
0.1842296792,0.17298
0.3366115633,0.31706
0.1515879333,0.15654
0.1483879383,0.15166
0.1268862025,0.11751
0.1537903243,0.12918
0.172172438,0.11261
0.207775193,0.10454
0.1737979296,0.11245
0.76449477,0.77464
0.3620862411,0.36323
0.836753376,0.84745
0.3764928733,0.37593
0.4326799925,0.4307
0.4328750858,0.40882
0.4325974858,0.41111
0.2571424283,0.2769
0.2588975869,0.18176
0.2850924092,0.3297
0.2040632475,0.20191
0.1403140667,0.13025
0.2730385417,0.25058
0.294007394,0.25328
0.3652704358,0.49009
0.3948483825,0.3877
0.1437185083,0.14055
0.1033535083,0.10676
0.1058662583,0.1175
0.5479486708,0.53168
0.4734976992,0.6677
0.6126060211,0.67575
0.2604011192,0.25322
0.2512389925,0.24203
0.2806933808,0.27246
0.2987234598,0.29606
0.3003053708,0.29573
0.616639275,0.61779
0.615760875,0.61325
0.408474825,0.41377
0.3163360905,0.25847
0.2474551,0.18706
0.611781655,0.60938
0.1562980017,0.1215
0.5350334048,0.54482
0.5318818,0.5568
0.6671141058,0.67873
0.6639579058,0.68456
0.6570556958,0.68528
0.59320555,0.73937
0.1994229158,0.11448
0.6449802733,0.63783
0.5968927317,0.64103
0.4183223883,0.40912
0.3310876167,0.17135
0.5097907667,0.50985
0.422937275,0.40699
0.4190015,0.41942
0.5631214917,0.58203
0.5844427107,0.58093
0.2368420374,0.22732
0.55444425,0.57167
0.2757717633,0.27533
0.1612209833,0.14971
0.170148625,0.16029
0.4593247,0.51223
0.5122710117,0.53593
0.1695288792,0.17169
0.595020675,0.60414
0.59490655,0.60907
0.166720094,0.13629
0.157832394,0.13563
0.7425609685,0.75606
0.7443676367,0.75932
0.7507909635,0.75665
0.6551247557,0.67855
0.6386789057,0.67644
0.1466583838,0.13201
0.4241291672,0.41743
0.3304444553,0.3276
0.0759315974,0.05163
0.4344201,0.43129
0.588433125,0.52942
0.2404596267,0.2192
0.3257495167,0.35773
0.2066905,0.18138
0.2018577881,0.19887
0.4569237658,0.48194
0.4241161633,0.4115
0.5929197717,0.41954
0.4267577714,0.47653
0.3697104256,0.43555
0.3732122261,0.36582
0.395485405,0.40442
0.32977605,0.32469
0.3450427625,0.33728
0.1185286375,0.10611
0.2418988075,0.23443
0.2480936825,0.21969
0.2447923075,0.21055
0.6772511517,0.68767
0.1554363199,0.10955
0.1511133332,0.10939
0.8035761071,0.83182
0.7968125821,0.83304
0.2917934,0.28627
0.25147545,0.23497
0.75736909,0.76012
0.3849227472,0.66864
0.510029565,0.52322
0.51118309,0.50911
0.3212602862,0.28546
0.3234134362,0.27991
0.5578525658,0.5797
0.31670885,0.2109
0.316450125,0.34236
0.2131897125,0.18053
0.2103888875,0.1389
0.204045425,0.17528
0.5978888,0.58344
0.5980827,0.5813
0.5974325833,0.55427
0.174000466,0.16705
0.173989441,0.1295
0.1015114367,0.1092
0.09999225,0.09875
0.1934959133,0.18819
0.8605939375,0.88136
0.6832756,0.72248
0.1646606308,0.15493
0.7226835875,0.7492
0.7221799792,0.75073
0.4643364175,0.48936
0.4862518317,0.48686
0.6224815067,0.67969
0.6262634167,0.64343
0.3510984643,0.34041
0.836057915,0.83984
0.6347288274,0.62078
0.6374227524,0.62366
0.6365547774,0.64052
0.7921820751,0.80386
0.7925634351,0.80422
0.2210265333,0.22962
0.69025605,0.68989
0.3969520792,0.39608
0.3978139333,0.38843
0.8662712742,0.91113
0.8973122325,0.91141
0.1757076964,0.25205
0.1776017464,0.20543
0.1913073982,0.23109
0.7278227757,0.73287
0.2688666542,0.26818
0.6421989,0.66567
0.40948995,0.43618
0.3482512567,0.33089
0.31989035,0.30742
0.32369025,0.31026
0.25546064,0.25249
0.259266403,0.25444
0.8369074674,0.84658
0.8363113781,0.84801
0.161050025,0.16102
0.2962424959,0.29643
0.3014446318,0.29442
0.606477503,0.60908
0.2370909833,0.24521
0.2475940317,0.25372
0.36265519,0.26475
0.2659744417,0.26171
0.34682406,0.33818
0.3532836133,0.33608
0.3605636071,0.37432
0.3504280746,0.37461
0.3689969633,0.37527
0.76710095,0.77991
0.2162260492,0.23326
0.13957815,0.11876
0.137334665,0.13617
0.276534735,0.25824
0.288266835,0.24615
0.19475715,0.19772
0.46218059,0.47107
0.51647025,0.51016
0.4701211692,0.46095
0.4666599092,0.47191
0.2354894303,0.2286
0.5883992375,0.5882
0.6084303733,0.50763
0.2315850589,0.25467
0.7986841301,0.81177
0.2874348,0.28933
0.747812755,0.85985
0.7543735842,0.76841
0.7351041192,0.78507
0.7287517775,0.73307
0.1351325573,0.12648
0.7159941875,0.78108
0.6307388763,0.75756
0.6585089571,0.66679
0.6565452,0.66199
0.1677688951,0.15585
0.1658531551,0.1521
0.4840773867,0.47722
0.5866165,0.60885
0.4885729288,0.48732
0.7295506317,0.7562
0.467311795,0.4697
0.4557247833,0.4587
0.1611458708,0.13962
0.164132725,0.18384
0.4449323156,0.44172
0.408774631,0.40741
0.2079545142,0.22775
0.1883846473,0.17793
0.2067251167,0.27588
0.4290618675,0.43007
0.245656975,0.23604
0.2413006942,0.17527
0.1649388,0.1406
0.1532677,0.12798
0.1793194717,0.16305
0.1917594364,0.16471
0.1841747,0.12597
0.1905290958,0.12464
0.18503364,0.15065
0.1905980733,0.13444
0.1465753792,0.13635
0.3947898833,0.40187
0.409067725,0.41174
0.408656675,0.40548
0.4086803542,0.40716
0.3836823253,0.3791
0.3829085637,0.38103
0.6487274405,0.65768
0.5915030571,0.65286
0.2243840788,0.19803
0.2467500625,0.26259
0.2305369102,0.23117
0.7200415672,0.81752
0.2768173867,0.2827
0.4919185,0.46001
0.4910819929,0.45672
0.4915747,0.46038
0.2479584233,0.2747
0.2609338717,0.28343
0.52894952,0.53806
0.8533590538,0.87923
0.3619527583,0.29688
0.6569806417,0.65364
0.65431185,0.65202
0.5825390033,0.63875
0.5929525333,0.61178
0.5928542333,0.61273
0.5455940637,0.65845
0.5346516417,0.55279
0.5262887167,0.54861
0.1644437783,0.11187
0.1522073042,0.12219
0.4351244833,0.46277
0.4176849,0.48885
0.2931035979,0.27085
0.3752804717,0.29774
0.4825851525,0.47621
0.4697979867,0.46989
0.7926547917,0.79886
0.7926547917,0.7992
0.4282935458,0.44209
0.4310475875,0.42929
0.4261596858,0.4385
0.2396882567,0.19828
0.6419591431,0.77292
0.6601010798,0.78842
0.6634140381,0.77577
0.5110239875,0.51928
0.1957237067,0.1484
0.166866655,0.14635
0.2273413275,0.22889
0.3274446342,0.29059
0.1381970808,0.13947
0.3366027442,0.32524
0.3349481679,0.32308
0.2569146167,0.303
0.2593934958,0.2325
0.6606315125,0.66923
0.6586984975,0.66414
0.2065498793,0.20975
0.1417497305,0.12919
0.4743782987,0.49279
0.4946227,0.499
0.2643066655,0.26561
0.2502004792,0.27104
0.4143222858,0.39547
0.41290424,0.38935
0.6514653043,0.68808
0.6594858628,0.68571
0.6514270711,0.68175
0.4429833143,0.44489
0.1492728283,0.14776
0.1828707667,0.1661
0.1856300917,0.14672
0.1875214417,0.17103
0.499550225,0.50903
0.3189795067,0.35697
0.59651935,0.59068
0.1240483633,0.06276
0.0877415563,0.06268
0.191867003,0.17744
0.2026012155,0.18583
0.4256920333,0.41887
0.3905681149,0.37881
0.2448431436,0.23674
0.211927759,0.20711
0.25750822,0.21775
0.1231797991,0.10777
0.4631059044,0.46685
0.3619654298,0.32198
0.3636492898,0.32363
0.3582161215,0.32419
0.4077578731,0.46304
0.4027960231,0.47051
0.4044276175,0.46391
0.4058264509,0.45889
0.3264281717,0.26153
0.2662166717,0.29377
0.4044193417,0.39977
0.2650057334,0.24146
0.78820305,0.80961
0.2266903798,0.23303
0.1922087083,0.1578
0.8335982808,0.84421
0.6662952335,0.66824
0.2444282958,0.27114
0.2422366583,0.22671
0.3981440642,0.38772
0.28526175,0.28998
0.1352084708,0.15328
0.71210125,0.71328
0.1461639282,0.1516
0.1706191917,0.14146
0.80047525,0.84625
0.8231793917,0.84579
0.48370104,0.4828
0.199618433,0.21908
0.2869203425,0.25172
0.4464496992,0.43752
0.4514603917,0.43981
0.4470196919,0.44193
0.4473357431,0.44402
0.442489431,0.44657
0.426414831,0.42192
0.4726624983,0.42657
0.1285632592,0.14847
0.2013986917,0.18509
0.201205475,0.1838
0.2013822042,0.18502
0.7742732642,0.82106
0.7487807392,0.81342
0.7753822142,0.81318
0.3086200783,0.34383
0.1374451437,0.14548
0.222603126,0.22382
0.222718276,0.22938
0.5662730933,0.57876
0.567854735,0.59008
0.7383673583,0.77817
0.736139215,0.74614
0.7369607417,0.78244
0.827389272,0.82453
0.6168681929,0.63705
0.6157938862,0.64363
0.1812440208,0.17186
0.60076977,0.71755
0.7055205767,0.71568
0.1906271153,0.18747
0.124138465,0.11997
0.1830378223,0.17503
0.3688852858,0.35207
0.37947573,0.34759
0.4635720933,0.48504
0.1805288592,0.17554
0.136289465,0.15213
0.2520933383,0.25548
0.2512216883,0.25626
0.2570687467,0.25788
0.3721748783,0.37112
0.1566054483,0.11186
0.1657682042,0.12851
0.176498497,0.17715
0.408243675,0.41053
0.3046488592,0.22293
0.3892140383,0.46461
0.4147702333,0.53951
0.4135589333,0.54293
0.1481702617,0.16385
0.823734005,0.85002
0.8002314892,0.8483
0.1266599175,0.11527
0.326168,0.31585
0.7415907817,0.7448
0.7406228483,0.74312
0.1281798958,0.10514
0.6662900452,0.6654
0.6635084786,0.6694
0.6642346786,0.67336
0.7610117442,0.76584
0.7368327994,0.7752
0.2959309633,0.36037
0.3882457958,0.36199
0.8397471076,0.8473
0.3844569833,0.37623
0.3844442233,0.37582
0.3811126,0.37399
0.2510097033,0.28221
0.2731741552,0.24741
0.4753913083,0.48099
0.4737450083,0.48335
0.4781932833,0.47948
0.238816305,0.30827
0.2207716442,0.20764
0.1817542533,0.13227
0.2616780795,0.25308
0.418059135,0.38975
0.4025265625,0.38938
0.1783904458,0.13879
0.1080238383,0.10528
0.1064021175,0.10228
0.2665566071,0.21334
0.2166400546,0.24541
0.1389013375,0.12899
0.2453812925,0.24974
0.2154926033,0.18922
0.5251508542,0.53162
0.5256563292,0.53287
0.6198986833,0.6197
0.6177333083,0.61745
0.1230918439,0.1252
0.17566895,0.14353
0.2064742,0.13289
0.1403744333,0.14027
0.6775840275,0.69075
0.1864129625,0.14342
0.1827104625,0.20243
0.3025010417,0.28715
0.6141136917,0.63645
0.2441335342,0.26172
0.1802948807,0.17188
0.5006344796,0.49732
0.4943634196,0.50557
0.5000832646,0.50839
0.176502815,0.32882
0.2317078014,0.22713
0.2876397911,0.26073
0.27005425,0.23493
0.2489683467,0.22754
0.1747252564,0.16245
0.6010751292,0.6018
0.1423439265,0.13645
0.7564752225,0.75806
0.4197554917,0.41892
0.4203473917,0.42136
0.2716998758,0.05972
0.2314024008,0.2212
0.5690386625,0.56988
0.2849946929,0.39679
0.2889311675,0.27877
0.2053604164,0.1971
0.2031709954,0.20006
0.2005017579,0.20396
0.2148304417,0.22011
0.50515333,0.67848
0.6702215441,0.69896
0.6688847691,0.69014
0.421756262,0.47621
0.553939875,0.54422
0.2956183915,0.29502
0.2771429123,0.29006
0.4445008092,0.4265
0.40825634,0.36772
0.4497463445,0.42933
0.452240812,0.42939
0.3820402192,0.35176
0.4039141,0.40709
0.3352480899,0.32315
0.4031867018,0.41244
0.304537279,0.40253
0.3079872183,0.38068
0.1172927333,0.12087
0.356822136,0.39871
0.2470476233,0.20569
0.2400258317,0.20418
0.67273599,0.68043
0.4737223425,0.68698
0.2813577045,0.24185
0.2870161758,0.24204
0.1472284017,0.17675
0.1415304958,0.15502
0.1409495969,0.10753
0.1293010494,0.10884
0.825969561,0.83651
0.291689975,0.28253
0.2489154917,0.23701
0.752226326,0.76517
0.2446376583,0.29853
0.2824131925,0.29833
0.4204397268,0.45898
0.4145354476,0.45904
0.4165497768,0.45997
0.4177452935,0.46188
0.5142953516,0.51485
0.5116743516,0.52079
0.5585876833,0.55759
0.5634746833,0.555
0.2038307292,0.18793
0.4187559481,0.42152
0.3972297773,0.42103
0.3337429783,0.37137
0.1948425213,0.17489
0.5828649761,0.58359
0.403228135,0.38563
0.1647365917,0.17573
0.5741867625,0.58755
0.19464629,0.19205
0.1942469788,0.19225
0.7810853342,0.78636
0.8201009,0.89802
0.8517523375,0.86942
0.70447032,0.72534
0.6906535167,0.70755
0.6706389471,0.67366
0.2037187483,0.15528
0.1981239191,0.15495
0.7455246275,0.74916
0.7064499333,0.81981
0.7671803333,0.82143
0.2483479,0.27332
0.6655858183,0.70069
0.487419467,0.48932
0.6385580583,0.64749
0.6448091917,0.66779
0.8346403742,0.84183
0.8347585277,0.84025
0.7859031493,0.80545
0.7698403268,0.80352
0.2342510075,0.22793
0.67816339,0.69714
0.9021370593,0.92238
0.9021040093,0.92167
0.143852595,0.14454
0.1477001152,0.13567
0.4300631125,0.44084
0.3754316083,0.43143
0.2181734583,0.14228
0.2190331417,0.22051
0.7374176389,0.73595
0.2699991983,0.26884
0.4148217594,0.43399
0.4147793886,0.42282
0.3124771864,0.30529
0.26436155,0.25231
0.2863945713,0.25234
0.65858785,0.66979
0.1652650315,0.16236
0.1660923735,0.16039
0.52417115,0.53213
0.5937836047,0.60754
0.5992028972,0.60831
0.7942472983,0.79919
0.2240610575,0.19974
0.7191471054,0.71591
0.502223245,0.50684
0.2741890244,0.26143
0.2859080167,0.26415
0.3704378743,0.37551
0.3671150292,0.35442
0.2456428843,0.32047
0.339282875,0.33207
0.1285855233,0.137
0.1317414941,0.1333
0.1278022725,0.12619
0.1286351533,0.13408
0.2184838828,0.21883
0.26005668,0.2566
0.18695575,0.24397
0.590848175,0.58446
0.6230741175,0.67882
0.6184077975,0.67961
0.379804,0.3992
0.8022768856,0.81331
0.27357003,0.12912
0.743278425,0.84819
0.42085232,0.59825
0.4734056536,0.50685
0.752724447,0.78416
0.7536586012,0.78554
0.6604258208,0.66601
0.6577902333,0.66685
0.6605328542,0.66675
0.722291,0.73237
0.441328675,0.43095
0.1342174142,0.12632
0.1404279725,0.12875
0.8602050333,0.87797
0.8600985333,0.87987
0.66262685,0.65751
0.38049117,0.40613
0.48929615,0.54642
0.565065385,0.65937
0.4878098985,0.489
0.4722508108,0.47539
0.4576991958,0.45779
0.4573144875,0.45963
0.1857951533,0.1875
0.1860074033,0.17951
0.4417478642,0.4413
0.4376690233,0.43813
0.4132469121,0.4063
0.2479053033,0.2477
0.2102302508,0.17671
0.2617066992,0.17595
0.4667411273,0.46259
0.5103518115,0.46569
0.4722273915,0.46718
0.2221889,0.193
0.2113596342,0.22173
0.4252615139,0.43073
0.1675426767,0.10311
0.3876804508,0.37156
0.335522904,0.32586
0.161593985,0.12915
0.2369619206,0.20053
0.2268883206,0.19994
0.1716696017,0.15139
0.1887763186,0.17851
0.3940661475,0.40277
0.2262249461,0.24517
0.2766773185,0.27421
0.5039245767,0.50098
0.27016109,0.20483
0.5213493125,0.52866
0.8205850626,0.82694
0.823382236,0.86487
0.3363248395,0.29862
0.6131417267,0.6111
0.6111993654,0.66881
0.6110314654,0.66574
0.23665535,0.21275
0.6514741083,0.75948
0.4210367908,0.68272
0.6512142083,0.76488
0.2412233745,0.27111
0.2630070012,0.27047
0.485078825,0.42994
0.47215565,0.47678
0.3596147592,0.34926
0.2420513583,0.21827
0.1772060071,0.16376
0.1803031238,0.16727
0.5024836883,0.52071
0.5047945675,0.52863
0.500468005,0.51801
0.2256399906,0.22875
0.3078855333,0.29883
0.2477665417,0.27371
0.6636664,0.66501
0.2088985711,0.2103
0.1655810476,0.13007
0.4887671036,0.4821
0.6394668892,0.6339
0.648772847,0.64463
0.6455276321,0.64718
0.2590346976,0.26807
0.2629107576,0.26767
0.25602534,0.17999
0.4424530586,0.44448
0.1362943824,0.10889
0.1302794217,0.13788
0.5192105279,0.51503
0.146929383,0.14014
0.30021795,0.31514
0.5985273938,0.60161
0.422505525,0.42176
0.3724085352,0.37865
0.7200902917,0.73922
0.2377072933,0.25265
0.2164253781,0.2071
0.4232897308,0.42432
0.4256681708,0.43651
0.4399178542,0.43797
0.2641470975,0.26371
0.2588077392,0.24061
0.4637455274,0.46879
0.4409350375,0.44447
0.3379137035,0.3226
0.4624046252,0.46736
0.2594580601,0.26285
0.276822075,0.25257
0.1524843655,0.15583
0.4205432958,0.39542
0.4140126,0.39607
0.4408304836,0.4361
0.2367308432,0.22592
0.234736974,0.13609
0.170097555,0.19987
0.23552111,0.2212
0.2126237,0.51859
0.401360086,0.38685
0.4053603643,0.38847
0.1464076353,0.14642
0.1455847353,0.15686
0.160736494,0.17642
0.7180522513,0.83785
0.7975380356,0.85217
0.7527627852,0.82458
0.4864931371,0.48371
0.2058770417,0.20313
0.262811183,0.26312
0.1794167042,0.19141
0.1772994267,0.19385
0.4472128658,0.79431
0.4465492475,0.44531
0.4468023725,0.44096
0.4439114535,0.42747
0.1381371958,0.1152
0.3511381667,0.37734
0.3526728667,0.30303
0.5821409167,0.57674
0.7898938683,0.80992
0.3339883375,0.3075
0.324816225,0.31065
0.2221379917,0.22609
0.5704719233,0.58266
0.6885109556,0.68737
0.7319710583,0.7295
0.7161511792,0.76597
0.7839639,0.82971
0.8184514167,0.82914
0.1626126333,0.17227
0.1820260617,0.18308
0.1940594712,0.16349
0.7002988733,0.7192
0.7010579583,0.7223
0.1260611296,0.13197
0.1854341152,0.17527
0.3529082525,0.3494
0.4735625583,0.47383
0.1811757975,0.17628
0.2510487743,0.24873
0.0940332625,0.09138
0.3719299396,0.3735
0.1305741612,0.13515
0.1323301417,0.14197
0.131587663,0.14059
0.1501352012,0.14283
0.1697266314,0.16792
0.16044855,0.15258
0.1682930124,0.16998
0.1725261183,0.18245
0.406715,0.40694
0.2289231167,0.12796
0.23243359,0.16868
0.3095368,0.41288
0.169843285,0.13524
0.3300707869,0.35535
0.821644615,0.84861
0.8227986983,0.849
0.1205890242,0.12275
0.1218551272,0.14084
0.1533232058,0.13266
0.31706315,0.33661
0.132356375,0.10509
0.6678824821,0.67786
0.6698977655,0.66234
0.760773775,0.76688
0.7604518583,0.76339
0.3766362054,0.35612
0.42221175,0.42717
0.2643822608,0.27459
0.2152854347,0.184
0.2406812133,0.20199
0.1422965267,0.12714
0.3338603688,0.26067
0.2738043333,0.24788
0.4787725383,0.50521
0.3979146686,0.39143
0.1071696333,0.09289
0.5410377042,0.53526
0.5285360883,0.60732
0.3615753368,0.34183
0.3577521537,0.34229
0.1647654887,0.12999
0.1570531108,0.11905
0.2552548283,0.25547
0.2368839225,0.25957
0.2504343325,0.24389
0.2533443975,0.24245
0.2824847683,0.27506
0.528013845,0.53151
0.53153315,0.52325
0.3177987429,0.30186
0.6191928976,0.62221
0.4098797792,0.41113
0.1238302842,0.12434
0.28266745,0.22986
0.2630062276,0.23885
0.16122805,0.15604
0.6185426125,0.64072
0.1329080308,0.12543
0.14877826,0.11972
0.146555205,0.11765
0.1473287296,0.13314
0.1502882217,0.12333
0.1874123569,0.17414
0.681521675,0.6811
0.669095675,0.73468
0.18542225,0.18161
0.1342021333,0.21084
0.1295758333,0.23273
0.2952487433,0.28398
0.6593849417,0.64071
0.2469691358,0.24996
0.4405918615,0.42503
0.4409737132,0.40715
0.4400188965,0.4203
0.4414504132,0.42673
0.1904029958,0.17288
0.5096024308,0.50428
0.4124262417,0.41309
0.410300075,0.41239
0.2265295173,0.22642
0.5610095519,0.57075
0.2563553639,0.24447
0.2506122656,0.2246
0.1646376835,0.14971
0.177963875,0.16793
0.1795606133,0.16373
0.1452558955,0.1367
0.1457232384,0.13937
0.6805505833,0.67593
0.1416296542,0.12854
0.324564652,0.32413
0.0756437583,0.05973
0.4323339913,0.42971
0.4889495375,0.63446
0.5285342125,0.62181
0.23855165,0.19754
0.231665825,0.18263
0.23570545,0.18435
0.2242572608,0.20599
0.6882817083,0.69525
0.4818623375,0.46533
0.3875232067,0.42727
0.3870770774,0.42286
0.4181593069,0.40948
0.5730451917,0.55022
0.2633690842,0.23759
0.4618283032,0.36782
0.4034516833,0.35067
0.4628540842,0.3683
0.441053411,0.37941
0.40573915,0.42659
0.3368789833,0.33192
0.3933738417,0.40889
0.4040935,0.40872
0.4139506858,0.38725
0.4125371733,0.37489
0.667434556,0.68032
0.3315558966,0.24196
0.2905201383,0.24222
0.8232367942,0.83983
0.296634525,0.28715
0.264432375,0.23206
0.266190525,0.24601
0.7603075779,0.76039
0.2887900217,0.25851
0.3387073683,0.27727
0.31027731,0.28189
0.3158000417,0.2949
0.3150379817,0.29421
0.5461932417,0.55434
0.5552466833,0.58175
0.4185378217,0.42558
0.31100934,0.36491
0.1646636792,0.23019
0.58529702,0.58143
0.4485759292,0.39017
0.3990798169,0.38627
0.7752549267,0.78137
0.86132245,0.89057
0.67824853,0.67304
0.8120903125,0.82294
0.2645035763,0.2776
0.26314255,0.22548
0.5674429735,0.67164
0.6748502583,0.70203
0.4876735252,0.48542
0.3462533771,0.34041
0.8350874392,0.83933
0.6606635983,0.71356
0.6587588833,0.70925
0.9040704508,0.91152
0.4358282083,0.44451
0.2781892637,0.26663
0.2760047554,0.26751
0.65632946,0.66317
0.4273427775,0.43842
0.2699276021,0.3065
0.3185527308,0.30757
0.65388374,0.65779
0.8216775632,0.84638
0.8226925311,0.84779
0.5324843925,0.52991
0.5249880208,0.52888
0.5096672945,0.50712
0.5100078037,0.50795
0.5102063204,0.50916
0.2479004142,0.24787
0.7194408498,0.71922
0.5019151792,0.50491
0.3704603321,0.37502
0.4155081992,0.33334
0.3297226683,0.35672
0.1337283925,0.12276
0.7321368833,0.7125
0.2828952442,0.2223
0.1285089711,0.16032
0.5573847286,0.57422
0.5166854944,0.56651
0.1971852083,0.23274
0.1923255083,0.16357
0.4611174351,0.45468
0.5183733783,0.50682
0.4627827877,0.46485
0.3060166281,0.2284
0.3158009664,0.22854
0.2992359988,0.22851
0.5855857533,0.58637
0.5284438867,0.57975
0.2235139567,0.25333
0.2252603017,0.20165
0.3736763758,0.38098
0.3522201808,0.39855
0.7889772458,0.81033
0.4217447333,0.50492
0.4122691167,0.50284
0.6717894294,0.66358
0.44518592,0.45192
0.7233541967,0.76021
0.7282436467,0.77233
0.1322529499,0.1201
0.6559208383,0.65679
0.156814875,0.16642
0.5050415,0.48459
0.5775170792,0.52593
0.4864910011,0.48718
0.4704216183,0.46731
0.1767939417,0.13934
0.1859678,0.18381
0.441087087,0.43849
0.2145385017,0.18521
0.2734838158,0.1831
0.2912497076,0.16235
0.295555541,0.16272
0.2901016576,0.1626
0.297477541,0.16212
0.1847453804,0.17628
0.471862445,0.46675
0.2245421313,0.16815
0.42312092,0.43577
0.2213130192,0.17296
0.1878061808,0.09605
0.3104969055,0.1213
0.3800064369,0.3874
0.3404350083,0.32415
0.337223375,0.32443
0.1980803083,0.17136
0.17065965,0.17318
0.2591348099,0.12743
0.2407949785,0.19987
0.1532208092,0.16105
0.1530884992,0.11166
0.6033789758,0.60736
0.6043383008,0.60734
0.6022576958,0.60898
0.3827385071,0.40015
0.3808098425,0.39267
0.33175942,0.35989
0.4060489758,0.41537
0.6441272625,0.6539
0.6036686,0.65848
0.2227923958,0.19856
0.2380175033,0.21976
0.2340677333,0.22632
0.7979060142,0.81201
0.2690585268,0.27219
0.4698946604,0.46239
0.484896075,0.45536
0.2518312125,0.27585
0.5282488657,0.53045
0.3090513102,0.29604
0.4944796367,0.59787
0.5305770167,0.5522
0.53485805,0.55549
0.300172405,0.24686
0.292318865,0.22859
0.300584955,0.24839
0.2855933483,0.20922
0.1418463383,0.1177
0.1357397195,0.15374
0.4592586325,0.46345
0.2619666866,0.23902
0.4825602642,0.46004
0.4745397675,0.46863
0.4857047592,0.46585
0.46804106,0.46881
0.4531879,0.47209
0.43934455,0.47622
0.7998014475,0.8067
0.4151418726,0.4085
0.3889521608,0.41012
0.4112040992,0.34952
0.3764068108,0.34862
0.4460817115,0.43772
0.2731978508,0.20787
0.2681836667,0.21492
0.1686491875,0.16894
0.5267455725,0.77323
0.5195486915,0.51914
0.197186028,0.14804
0.197742778,0.1488
0.2094153015,0.23112
0.31483731,0.31111
0.2926576167,0.2812
0.1378532917,0.13268
0.3367578077,0.32559
0.3418562577,0.33335
0.2683272667,0.23421
0.210092334,0.21051
0.2115029512,0.20958
0.2905105817,0.13087
0.3799867814,0.3931
0.4938502129,0.49497
0.4909685,0.50052
0.4906129667,0.49891
0.688190963,0.69202
0.6867571932,0.68554
0.2255765425,0.18504
0.6452843,0.65354
0.4131636617,0.39781
0.4125709942,0.40109
0.25373553,0.22019
0.6790479374,0.68704
0.6824983207,0.6842
0.443460544,0.44245
0.130961135,0.11491
0.5214377167,0.51971
0.5348648517,0.51913
0.1964885,0.12452
0.1469868342,0.14984
0.141760225,0.16322
0.5035625225,0.50667
0.5070290625,0.4684
0.3332851833,0.34945
0.5951289125,0.60033
0.4248977933,0.41701
0.364670371,0.26541
0.3802431469,0.37925
0.3330066293,0.38043
0.7379873583,0.77012
0.7379873583,0.77284
0.231113505,0.25189
0.2169695221,0.20699
0.314098155,0.43589
0.2816100167,0.24526
0.2772414417,0.27529
0.1764260224,0.10843
0.1364060438,0.10823
0.1368525938,0.10851
0.2588015442,0.25547
0.2532721061,0.25811
0.1628979479,0.15334
0.4409851117,0.4435
0.3075430649,0.24252
0.3110646315,0.24209
0.3187651446,0.24433
0.7373721906,0.81579
0.7569289529,0.80124
0.7420067744,0.80848
0.2325096733,0.19478
0.2299698193,0.22752
0.2257965393,0.20641
0.7957899193,0.83974
0.797322526,0.84647
0.8043338593,0.84338
0.6643824967,0.66797
0.652152486,0.67668
0.23214969,0.24088
0.2507107625,0.06707
0.4036761381,0.38684
0.3143906667,0.25302
0.3056264842,0.32955
0.3130331167,0.20158
0.1484612333,0.12953
0.5668372421,0.61556
0.5575082542,0.59895
0.5653388775,0.61687
0.5234558167,0.5114
0.5207388417,0.49837
0.7056010417,0.71259
0.7043421917,0.71405
0.1485417515,0.14129
0.1621302411,0.16579
0.2024264613,0.20343
0.255638655,0.27326
0.1796702054,0.17521
0.4516106765,0.43942
0.4282621675,0.39537
0.6094839792,0.61897
0.6080992292,0.62111
0.6077781854,0.62209
0.4750873267,0.44178
0.47424646,0.4414
0.48008601,0.43009
0.0875560642,0.08276
0.0892693475,0.07775
0.1887615445,0.18548
0.3375683717,0.35286
0.3587594917,0.35569
0.58958,0.57849
0.5928247708,0.56886
0.59049865,0.57668
0.1662367042,0.13464
0.1511539708,0.11152
0.154586665,0.11737
0.68176076,0.69114
0.6828727517,0.68772
0.71358287,0.73775
0.751924725,0.75312
0.1556298143,0.18292
0.4668482908,0.64221
0.1823288375,0.1484
0.1810070675,0.16435
0.1819813263,0.1759
0.1900511054,0.20268
0.1766846918,0.18263
0.1784289102,0.17787
0.2485274496,0.2499
0.248311155,0.25121
0.1566721833,0.12168
0.1396866392,0.12281
0.1382838092,0.17256
0.2252311375,0.16827
0.2974322658,0.1687
0.2870635867,0.17004
0.1657600776,0.1395
0.41177257,0.40291
0.27656784,0.19291
0.477692475,0.46266
0.3186810167,0.34083
0.1511859517,0.14501
0.1720794746,0.12793
0.7392092511,0.75256
0.3583414167,0.3598
0.8055093689,0.84765
0.8236161064,0.8509
0.7939057189,0.84875
0.4191604133,0.40627
0.2032986008,0.18306
0.242268425,0.21417
0.2180720017,0.20502
0.475429685,0.49777
0.466267135,0.49791
0.3897211042,0.3923
0.1789379317,0.1414
0.1993576592,0.13624
0.2355082583,0.21267
0.5474379683,0.55114
0.3693202394,0.34534
0.3594061797,0.34345
0.1737562733,0.13149
0.245463985,0.25115
0.2681101688,0.18703
0.2432335536,0.18625
0.2425683135,0.19103
0.3403181375,0.27887
0.5239149062,0.54043
0.4086135,0.40305
0.1243065067,0.1405
0.2626349833,0.26809
0.178695875,0.13447
0.59487945,0.63456
0.587241189,0.59636
0.1363883224,0.13156
0.1774051833,0.1728
0.1818076583,0.17832
0.5409602,0.55178
0.71250733,0.67243
0.1606981833,0.20346
0.1591183167,0.20052
0.24529561,0.25719
0.4124333958,0.41857
0.28400305,0.10031
0.316137875,0.09103
0.56799155,0.54356
0.2439522,0.22448
0.1856578167,0.15262
0.17751537,0.14243
0.5097271625,0.52932
0.5092274725,0.52399
0.1673002883,0.18118
0.6661084831,0.68607
0.1414507614,0.13876
0.2530953467,0.32124
0.3118493667,0.32519
0.260690075,0.32185
0.1190118875,0.05971
0.1140973875,0.05973
0.438047145,0.43101
0.4634563,0.43203
0.5755531292,0.58649
0.2442463867,0.2154
0.2470341075,0.21987
0.5599901292,0.56996
0.5596444292,0.57112
0.3184107083,0.28623
0.3379244083,0.33747
0.1978791583,0.22669
0.2172096825,0.19725
0.206122705,0.19735
0.2170599675,0.22235
0.6834440583,0.70444
0.4627327614,0.48752
0.4610308748,0.48563
0.5355140142,0.56181
0.5586676338,0.55778
0.2643006917,0.28584
0.329850585,0.39749
0.36930041,0.35406
0.4447223755,0.4294
0.41241265,0.34187
0.3906450983,0.40861
0.6743063498,0.68465
0.2686778957,0.2418
0.1753586029,0.12838
0.1777927745,0.12713
0.1216574005,0.10921
0.2894191167,0.28943
0.30442834,0.25066
0.29290869,0.24917
0.3027205292,0.2985
0.2845814833,0.21116
0.5126556733,0.51603
0.3463687556,0.27482
0.343805035,0.29484
0.3446714451,0.29441
0.3635196055,0.29537
0.224279461,0.17723
0.204876315,0.18678
0.4229991667,0.42539
0.401167125,0.3985
0.4486702458,0.47143
0.4485682958,0.47043
0.1660993586,0.17281
0.5652110723,0.58497
0.5559622283,0.58612
0.5592555898,0.5955
0.1115464275,0.10015
0.1119647775,0.09155
0.1131614442,0.10417
0.7782188725,0.78207
0.7784213292,0.78379
0.690591975,0.73539
0.6652,0.70906
0.6719675143,0.67056
0.7423426663,0.75402
0.8120509938,0.82107
0.4846587492,0.48778
0.4838291992,0.48746
0.670980425,0.70161
0.4840547643,0.48682
0.3467831917,0.33623
0.3578236417,0.34017
0.8363607436,0.83834
0.631447555,0.64295
0.7954303271,0.80944
0.2250593833,0.22859
0.1657959167,0.14213
0.1928761269,0.12313
0.7369581481,0.73916
0.2718636342,0.26816
0.63315711,0.66979
0.394361225,0.28547
0.16111677,0.16114
0.16164682,0.16142
0.300514905,0.29473
0.5219007317,0.52642
0.5229925067,0.53192
0.6096385367,0.60898
0.6103046667,0.60847
0.5081215533,0.50912
0.7420148083,0.80009
0.7476412917,0.80085
0.744808425,0.7975
0.7445962125,0.79761
0.24872952,0.23371
0.5003047342,0.50463
0.36985098,0.37579
0.3449517481,0.33719
0.7451404083,0.78211
0.232909635,0.21768
0.2324349142,0.22235
0.1414681683,0.1182
0.2717850133,0.25419
0.2755390833,0.25587
0.5125138527,0.56784
0.5433835519,0.56848
0.4698474105,0.46687
0.5136686133,0.50891
0.450470045,0.45281
0.5643991817,0.58497
0.6049956467,0.60449
0.6343970667,0.67878
0.2469658208,0.19837
0.76951181,0.80457
0.798628955,0.80943
0.7713315071,0.78735
0.7281016917,0.73218
0.4440285013,0.45458
0.1315071895,0.12227
0.1292816273,0.12032
0.1286380419,0.12421
0.384321285,0.4566
0.8697179333,0.87933
0.15672024,0.17225
0.3738696264,0.41158
0.56718946,0.55115
0.4882671964,0.48978
0.5481899991,0.74427
0.4546657475,0.45127
0.1762246267,0.15299
0.1850071808,0.19085
0.4526526869,0.44035
0.4312338294,0.41025
0.4308344318,0.40896
0.4309600836,0.40657
0.2247820279,0.23996
0.2565508638,0.23807
0.2424759529,0.23769
0.2395246279,0.2487
0.1676678892,0.16254
0.18807161,0.17681
0.2523388343,0.23292
0.2351084133,0.23406
0.191122294,0.12139
0.180450469,0.11872
0.3405274357,0.32678
0.3431350467,0.32369
0.1513003113,0.11042
0.2107984417,0.17104
0.2176024575,0.20054
0.1426003358,0.13618
0.202412431,0.12464
0.4138210167,0.40636
0.3890244628,0.38016
0.3902486011,0.38009
0.3891716853,0.37958
0.6435372026,0.65883
0.2493330717,0.21405
0.8056467375,0.82596
0.8045166,0.81976
0.4782174467,0.50193
0.4797794467,0.52027
0.4779195967,0.49753
0.514178625,0.53227
0.5273502417,0.52833
0.8565470617,0.87896
0.853082495,0.87529
0.34031496,0.29714
0.33555791,0.2986
0.6485905368,0.65115
0.5500474406,0.64725
0.5440571408,0.54971
0.1301604467,0.11835
0.3734323017,0.46666
0.6808340767,0.7042
0.4666092733,0.45951
0.4740063033,0.49153
0.4982649967,0.47987
0.5138237446,0.47704
0.7045116313,0.80818
0.7432718813,0.80292
0.4328428333,0.40767
0.4228116348,0.4119
0.4044130363,0.34943
0.3757961808,0.35045
0.2299964825,0.23392
0.1725424379,0.16807
0.167317905,0.18553
0.2315939892,0.14185
0.1426215167,0.13754
0.1448043625,0.13458
0.1875787472,0.12967
0.1744261706,0.13126
0.346422245,0.2275
0.4515109146,0.38447
0.4523552646,0.38455
0.4101950863,0.35568
0.490358514,0.48831
0.6924400711,0.69212
0.2253401033,0.19004
0.64075515,0.64545
0.2806769142,0.2341
0.13249585,0.1183
0.125114435,0.13381
0.5205454139,0.51287
0.5292978339,0.51086
0.1908419326,0.13614
0.2154339326,0.15169
0.1765468417,0.17958
0.1768389875,0.16612
0.4823768,0.51108
0.3100937833,0.29904
0.5961662058,0.59506
0.1006597443,0.06264
0.1965099844,0.19457
0.1952085233,0.17851
0.422293905,0.42537
0.423744005,0.4068
0.756753645,0.77301
0.2372972607,0.25478
0.2142660676,0.20667
0.4121846557,0.43713
0.1343541923,0.10834
0.4473335042,0.44494
0.3381079339,0.32249
0.2087710517,0.27706
0.2748247667,0.26227
0.1642849869,0.15313
0.1650566702,0.15484
0.4053081625,0.40287
0.4384605,0.44173
0.44029605,0.44324
0.2535652992,0.24256
0.8036039333,0.81405
0.2345052925,0.23978
0.2341375,0.2256
0.2513614083,0.2399
0.2352135287,0.23119
0.1943425842,0.19253
0.6595147958,0.67184
0.329852125,0.35473
0.3051461317,0.34287
0.322349665,0.3458
0.1315478,0.27853
0.396975635,0.38802
0.5930231,0.55622
0.708939825,0.7192
0.7084620725,0.71817
0.1470788008,0.15511
0.487588809,0.47108
0.208021225,0.20066
0.2618052333,0.25836
0.1786184917,0.15616
0.1852403217,0.20436
0.2406709542,0.18045
0.1909966125,0.17279
0.4639254329,0.43821
0.743953065,0.78705
0.7394788375,0.78547
0.61664495,0.60842
0.4224954067,0.46387
0.1359042763,0.12959
0.1364729138,0.13858
0.08318744,0.08215
0.1995148102,0.18394
0.33170255,0.38258
0.311808135,0.31064
0.1395381533,0.17603
0.1315412467,0.11537
0.23080005,0.2264
0.68317566,0.693
0.7185432633,0.73119
0.8252250733,0.83125
0.1755549458,0.15496
0.1757432083,0.14443
0.611385225,0.64153
0.6137108583,0.63972
0.17936963,0.17338
0.7026726142,0.71502
0.2028837627,0.18881
0.1358051675,0.12568
0.1380173508,0.12405
0.1340562133,0.1138
0.1854549768,0.1753
0.3897904808,0.35117
0.4024897658,0.35208
0.459165175,0.47278
0.4397503083,0.46741
0.4345567083,0.47695
0.1801828292,0.17509
0.1376505075,0.14037
0.2445702304,0.28587
0.2521600837,0.25495
0.1075105083,0.09047
0.1070182333,0.09249
0.1075455583,0.09174
0.3726855833,0.37382
0.1420537719,0.13457
0.1334439602,0.15012
0.169912668,0.16815
0.17266911,0.16186
0.1590286614,0.22529
0.2053724631,0.2548
0.3767613375,0.30872
0.3202471792,0.26669
0.1982263083,0.1975
0.170256665,0.19798
0.166585115,0.1223
0.1655768817,0.18485
0.2724390267,0.35384
0.3261097583,0.32577
0.1511640231,0.14288
0.8419006468,0.84121
0.125713285,0.122
0.1598324892,0.15134
0.1443773583,0.13802
0.3192112625,0.32477
0.3151348375,0.32086
0.2813301708,0.30862
0.724064025,0.74396
0.73235385,0.75007
0.4017082525,0.35382
0.2613578445,0.25737
0.469568,0.50955
0.46797935,0.50072
0.2352024875,0.18368
0.2236245583,0.18301
0.2928929896,0.29459
0.2496348646,0.21402
0.2136103917,0.19722
0.1934341058,0.12338
0.1756504083,0.13103
0.4616496579,0.51023
0.149049,0.13679
0.2306238794,0.22007
0.2457978498,0.21193
0.5407766042,0.55026
0.4899294255,0.63319
0.5481680358,0.65908
0.5291157457,0.67851
0.3479150269,0.34551
0.1469969028,0.12644
0.257872975,0.2514
0.2527886108,0.2622
0.2027560267,0.18921
0.2865822667,0.2784
0.2869638333,0.27629
0.305517762,0.29588
0.3086507725,0.30087
0.3997471208,0.39724
0.3829999274,0.39548
0.1292749977,0.12337
0.1286323877,0.11433
0.253735195,0.26886
0.6222672408,0.64048
0.1355548688,0.14231
0.131874842,0.12682
0.1932099545,0.17276
0.1929216295,0.17092
0.5515318875,0.54023
0.5470910375,0.5272
0.6538224958,0.70566
0.6743653708,0.72362
0.1886955067,0.12694
0.1570228067,0.14439
0.3814023983,0.28659
0.3795804583,0.28378
0.3785914083,0.28556
0.6261887051,0.63465
0.2445478342,0.23197
0.2512601167,0.23134
0.1974257745,0.17446
0.200834536,0.17326
0.1334483958,0.32267
0.1781226417,0.34778
0.5308391208,0.59484
0.5397363542,0.60122
0.5371448542,0.59798
0.237986977,0.22628
0.2335026061,0.22672
0.5606898517,0.54606
0.5584279167,0.58118
0.2634846815,0.30062
0.2332137767,0.25236
0.2849662262,0.27711
0.517386274,0.50686
0.5712336308,0.61207
0.5949227842,0.60098
0.757068061,0.75538
0.6675907171,0.68774
0.15082905,0.12964
0.1682479583,0.13238
0.4261889917,0.41992
0.4264328917,0.42122
0.4408408093,0.427
0.5911861917,0.55815
0.2958964152,0.22298
0.5598509067,0.57439
0.5607976367,0.56632
0.2106494577,0.19914
